image_path,text,date,total_amount,merchant,category,category_cn
C:\Users\10646\Desktop\新建文件夹 (2)\en_601.jpg,"Nusr-Et Miami Miami,FL33131 40 David P 11'26'21 09:09PM Shrimp with Tender $12 Green Pepper Salt Fresh $15 Squid Subtotal $27 Tax $0.3 Total Due $27.3",2021/11/26,27.3,Nusr-Et Miam,dining,餐饮
C:\Users\10646\Desktop\新建文件夹 (2)\en_602.jpg,"Nusr-Et Miami Miami,FL33131 40 David P 05'31'21 08:02PM Lemon Prawn $12 1 French Curry $18 Lobster Green Onion Crab $14 $9 Black Bean Sauce Subtotal $53 $1.1 Tax $54.1 Total Due Thank you for dining with us! for your convenience.",2021/5/31,54.1,Nusr-Et Miam,dining,餐饮
C:\Users\10646\Desktop\新建文件夹 (2)\en_603.jpg,"Nusr-Et Miami Miami,FL33131 40 David P 05'03'21 07:14PM Fresh Squid $16 Pepper Salt Fresh $15 Squid $12 Garlic Sauce Mixed Seafood $15 Subtotal $58 Tax $1.7 Total Due $59.7 Thank you for dining with us! A Service Charge has been added for your convenience.",2021/5/3,59.7,Nusr-Et Miam,dining,餐饮
C:\Users\10646\Desktop\新建文件夹 (2)\en_604.jpg,"Nusr-Et Miami Miami,FL33131 40 David P 03'31'21 06:29PM Mushroom Fresh $9 Scallop Shrimp with Tender $12 Green Walnut Shrimp $12 Special Fresh $16 Squid $49 Subtotal $1.3 Tax Due $50.3 Total Thank you for dining with us! for your convenience.",2021/3/31,50.3,Nusr-Et Miam,dining,餐饮
C:\Users\10646\Desktop\新建文件夹 (2)\en_605.jpg,"Nusr-Et Miami Miami,FL33131 40David P 101521 07:22PM Tender Green Scallop $18 Rice Noodle Curry Crab $14 Crab $14 Subtotal $46 Tax $0.8 Total Due $46.8 Thank you for dining with us！ A Service Charge has been added for your convenience.",2021/10/15,46.8,Nusr-Et Miam,dining,餐饮
C:\Users\10646\Desktop\新建文件夹 (2)\en_606.jpg,"Nusr-Et Miami Miami,FL33131 40David P 110621 09:16PM Rice Noodle Curry $14 Crab $12 Walnut Shrimp Special Fresh $16 Squid Subtotal $42 $0.7 Tax Total Due $42.7 Thank you for dining with us! A Service Charge has been added for your convenience.",2021/11/6,42.7,Nusr-Et Miam,dining,餐饮
C:\Users\10646\Desktop\新建文件夹 (2)\en_607.jpg,"Nusr-Et Miami Miami,FL33131 40 David P 12'1621 09:14PM Rice Noodle Curry $14 Crab Walnut Shrimp $12 Subtotal $26 Tax $0.3 Total Due $26.3 Thank you for dining with us! A Service Charge has been added for your convenience.",2021/12/16,26.3,Nusr-Et Miam,dining,餐饮
C:\Users\10646\Desktop\新建文件夹 (2)\en_608.jpg,"Nusr-Et Miami Miami,FL33131 40David P 032621 06:19PM Mushroom Fresh $9 Scallop Cheese Lobster $18 Lobster Sauce $16 Special Fresh $16 Squid Subtotal $59 Tax $1.4 $60.4 Total Due for your convenience.",2021/3/26,60.4,Nusr-Et Miam,dining,餐饮
C:\Users\10646\Desktop\新建文件夹 (2)\en_609.jpg,"Nusr-Et Miami Miami,FL 33131 40 David P 02'1821 08:03PM Sweet& Sour $12 Prawn Tender Green $18 Scallop Black Bean Sauce $9 $16 Fresh Squid $55 Subtotal $1.5 Tax $56.5 Total Due Thank you for dining with us! for your convenience.",2021/2/18,56.5,Nusr-Et Miam,dining,餐饮
C:\Users\10646\Desktop\新建文件夹 (2)\en_610.jpg,"Nusr-Et Miami Miami,FL33131 40 David P 05'2621 08:34PM 1 Fresh Squid $16 Pepper Salt Fresh $15 Squid Boil Shrimp $12 BlackBean Sauce $9 $52 Subtotal $1.1 Tax $53.1 Total Due for your convenience.",2021/5/26,53.1,Nusr-Et Miam,dining,餐饮
C:\Users\10646\Desktop\新建文件夹 (2)\en_611.jpg,"Nusr-Et Miami Miami,FL33131 40 David P 02'2021 08:15PM $12 Seafood Tender Green $18 Scallop $9 Green Onion $16 Fresh Squid $55 Subtotal $1.5 Tax $56.5 Total Due for your convenience.",2021/2/20,56.5,Nusr-Et Miam,dining,餐饮
C:\Users\10646\Desktop\新建文件夹 (2)\en_612.jpg,"Nusr-Et Miami Miami,FL33131 40 David P 10'05'21 07:19PM Shrimp with Tender $12 Green $13 Gold Chive Squid Special Fresh $16 Squid Subtotal $41 Tax $0.7 Total Due $41.7 Thank you for dining with us! A Service Charge has been added for your convenience.",2021/10/5,41.7,Nusr-Et Miam,dining,餐饮
C:\Users\10646\Desktop\新建文件夹 (2)\en_613.jpg,"Nusr-Et Miami Miami,FL33131 40 David P 10'2821 09:59PM Garlic Sauce Pepper Salt Fresh $12 Squid $15 Special Fresh Squid $16 Subtotal $43 Tax Total Due $0.7 $43.7 Thank you for dining with us! A Service Charge has been added for your convenience.",2021/10/28,43.7,Nusr-Et Miam,dining,餐饮
C:\Users\10646\Desktop\新建文件夹 (2)\en_614.jpg,"Nusr-Et Miami Miami,FL33131 40 David P 05'14'21 08:21PM Mushroom Fresh $9 Scallop Pepper Salt Fresh $15 Squid Garlic Sauce $12 BlackBean Sauce 1 $9 Subtotal $45 $1.1 Total Due $46.1 Thank you for dining with us！ A Service Charge has been added for your convenience.",2021/5/14,46.1,Nusr-Et Miam,dining,餐饮
C:\Users\10646\Desktop\新建文件夹 (2)\en_615.jpg,"Nusr-Et Miami Miami,FL33131 40 David P 04'19'21 07:14PM Gold Chive Squid $13 Pepper Salt Fresh $15 Squid Rice Noodle Curry $14 Crab Special Fresh $16 Squid Szechuan Shrimp $12 Subtotal $70 Tax $2.1 Total Due $72.1 Thank you for dining with us! for your convenience.",2021/4/19,72.1,Nusr-Et Miam,dining,餐饮
C:\Users\10646\Desktop\新建文件夹 (2)\en_616.jpg,"Nusr-Et Miami Miami,FL33131 40 David P 09:14PM 1021'21 Shrimp with Tender $12 Green $14 Spicy Salt Crab $16 Lobster Sauce $42 Subtotal $0.7 Tax $42.7 Total Due Thank you for dining with us! A Service Charge has been added for your convenience.",2021/10/21,42.7,Nusr-Et Miam,dining,餐饮
C:\Users\10646\Desktop\新建文件夹 (2)\en_617.jpg,"Nusr-Et Miami Miami,FL 33131 40 David P 111521 09:26PM Rice Noodle Curry Crab Pepper Salt Fresh $14 Squid $15 Subtotal Tax $29 Total Due $O.3 $29.3 for your convenience.",2021/11/15,29.3,Nusr-Et Miam,dining,餐饮
C:\Users\10646\Desktop\新建文件夹 (2)\en_618.jpg,"Nusr-Et Miami Miami,FL33131 40 David P 0407'21 06:09PM Gold Chive Squid $13 Shrimp with Tender Green $12 Lobster Sauce $16 Special Fresh Squid $16 Subtotal $57 Tax $1.3 Total Due $58.3",2021/4/7,58.3,Nusr-Et Miam,dining,餐饮
C:\Users\10646\Desktop\新建文件夹 (2)\en_619.jpg,"Nusr-Et Miami Miami,FL33131 40 David P 04'23'21 07:17PM 1 Fresh Squid $16 Pepper Salt Fresh $15 1 Squid Crystal Prawn $12 Special Fresh $16 Squid Szechuan Shrimp $12 Subtotal $71 $2.1 Tax $73.1 Total Due for your convenience.",2021/4/23,73.1,Nusr-Et Miam,dining,餐饮
C:\Users\10646\Desktop\新建文件夹 (2)\en_620.jpg,"Nusr-Et Miami Miami,FL33131 40 DavidP 081621 08:03PM Rice Noodle Curry $14 Crab Garlic Style Lobster $18 Garlic Sauce $12 Subtotal $44 Tax $0.8 Total Due $44.8 Thank you for dining with us! A Service Charge has been added for your convenience.",2021/8/16,44.8,Nusr-Et Miam,dining,餐饮
C:\Users\10646\Desktop\新建文件夹 (2)\en_621.jpg,"Nusr-Et Miami Miami,FL33131 40 David P 013021 06:48PM Cheese Lobster $18 Black Bean Sauce $9 Spicy Salt Crab $14 French Curry $18 Lobster Subtotal $59 Tax $1.6 Total Due $60.6",2021/1/30,60.6,Nusr-Et Miam,dining,餐饮
C:\Users\10646\Desktop\新建文件夹 (2)\en_622.jpg,"Nusr-Et Miami Miami,FL33131 40 David P 062921 08:51PM Szechuan Shrimp $12 Green Onion Crab $14 Mushroom Fresh $9 Scallop Subtotal $35 Tax $0.6 Total Due $35.6",2021/6/29,35.6,Nusr-Et Miam,dining,餐饮
C:\Users\10646\Desktop\新建文件夹 (2)\en_623.jpg,"Nusr-Et Miami Miami,FL33131 40 David P 01'1921 06:24PM Seafood $12 Black Bean Sauce $9 Garlic Style Lobster $18 French Curry $18 Lobster Subtotal $57 Tax $1.6 $58.6 Total Due for your convenience.",2021/1/19,58.6,Nusr-Et Miam,dining,餐饮
C:\Users\10646\Desktop\新建文件夹 (2)\en_624.jpg,"Nusr-Et Miami Miami,FL33131 40 DavidP 07:06PM 092621 Gold Chive $21 Geoduck Sweet& Sour $12 Prawn $16 Fresh Squid Subtotal $49 Tax $0.9 Total Due $49.9 Thank you for dining with us! A Service Charge has been added for your convenience.",2021/9/26,49.9,Nusr-Et Miam,dining,餐饮
C:\Users\10646\Desktop\新建文件夹 (2)\en_625.jpg,"Nusr-Et Miami Miami,FL33131 40 David P 061821 08:38PM $15 Mixed Seafood 7 French Curry $18 Lobster Mushroom Fresh $9 Scallop Subtotal $42 Tax $0.8 Total Due $42.8 Thank you for dining with us! for your convenience.",2021/6/18,42.8,Nusr-Et Miam,dining,餐饮
C:\Users\10646\Desktop\新建文件夹 (2)\en_626.jpg,"Nusr-Et Miami Miami,FL33131 40 David P 122821 09:07PM $12 Garlic Sauce 7 $12 Walnut Shrimp $24 Tax $0.3 Total Due $24.3 Thank you for dining with us! A Service Charge has been added for your convenience.",2021/12/28,24.3,Nusr-Et Miam,dining,餐饮
C:\Users\10646\Desktop\新建文件夹 (2)\en_627.jpg,"PAPERANG Nusr-Et Miami Miami,FL33131 40 David P 03'1421 06:05PM 1 Lemon Prawn $12 BlackBean Sauce $9 Lobster Sauce $16 Special Fresh Squid $16 Subtotal $53 Tax $1.2 Total Due $54.2 Thank you for dining with us! for your convenience,",2021/3/14,54.2,Nusr-Et Miam,dining,餐饮
C:\Users\10646\Desktop\新建文件夹 (2)\en_628.jpg,"Nusr-Et Miami Miami,FL33131 40 David P 08'27'21 08:22PM Rice Noodle Curry $14 Crab Pepper Salt Fresh $15 Squid Mushroom Fresh $9 Scallop Subtotal $38 $0.6 Tax Total Due $38.6 Thank you for dining with us！ A Service Charge has been added for your convenience.",2021/8/27,38.6,Nusr-Et Miam,dining,餐饮
C:\Users\10646\Desktop\新建文件夹 (2)\en_629.jpg,"Nusr-Et Miami Miami,FL33131 40 David P 060921 08:26PM Pepper Salt Fresh $15 Squid French Curry $18 Lobster Mushroom Fresh $9 Scallop Black Bean Sauce $9 Subtotal $51 Tax $1.1 Total Due $52.1 Thank you for dining with us! A Service Charge has been added for your convenience.",2021/6/9,52.1,Nusr-Et Miam,dining,餐饮
C:\Users\10646\Desktop\新建文件夹 (2)\en_630.jpg,"ES Nusr-Et Miami Miami,FL33131 40 David P 03'02'21 06:31PM Lemon Prawn $12 Black Bean Sauce $9 Spicy Salt Crab $14 Szechuan Shrimp $12 Subtotal $47 Tax $1.4 Total Due $48.4 for your convenience.",2021/3/2,48.4,Nusr-Et Miam,dining,餐饮
C:\Users\10646\Desktop\新建文件夹 (2)\en_631.jpg,"MICHAELKORS 9090 Carousel Conter Drive, 688801/07/20219:00 Casher:105558 QTY PRIGE AMOUNT ITEM $25.00 $25.00 1 jumper skirt $31.00 $31.00 knicherbockers 1 USD Subtotal:$56.00 Total:$56.00 VISA CARD:$56.00 G111J14,H613.P4A.HKE0 ALL SALEITEMSAREFINALSALEFOOTWEAR WITHIN LO",2021/1/7,56,MICHAEL KORS,other,其他
C:\Users\10646\Desktop\新建文件夹 (2)\en_632.jpg,"MICHAELKORS 9090 Carousel Conter Drive, 688814/07/202111:51 Casher:105558 QTY PRIGE AMOUNT ITEM 1 $35.00 $35.00 overalls 2 $34.00 $68.00 Slacks USD Subtotal:$103.00 Total:$103.00 VISA CARD:$103.00 G111J14,H613.P4A.HKE0 WTHIN LO",2021/7/14,103,MICHAEL KORS,other,其他
C:\Users\10646\Desktop\新建文件夹 (2)\en_633.jpg,"MICHAELKORS 9090 Carousel Conter Drive, 688806/07/202110:22 Casher:105558 PRIGE AMOUNT ITEM QTY $78.00 Boot 2 $39.00 $50.00 jumper skirt 2 $25.00 USD Subtotal:$128.00 Total:$128.00 VISA CARD:$128.00 G111J14,H613.P4A.HKE0 ALL SALEITEMSAREFINAL SALEFOOTWEAR WITHINLO",2021/6/7,128,MICHAEL KORS,other,其他
C:\Users\10646\Desktop\新建文件夹 (2)\en_634.jpg,"MICHAEL KORS 9090 Carousel Conter Drive, 688805/08/202110:45 Casher:105558 ITEM QTY PRIGE AMOUNT short sleeve 1 $33.00 $33.00 overalls $35.00 $35.00 1 USD Subtotal:$68.00 Total:$68.00 VISA CARD:$68.00 G111J14,H613.P4A.HKE0 ALLSALEITEMSARE FINALSALE,FOOTWEAR ONCEWORNISNOTRETURNABLE,SWIMWEAR SUNGLASSESAND IHTIMATEAPPARELARE NOT RETURNAELE.MERCHANIISE NOTWORN OR USED AND IN ORIGINAL OONDITION WILL BE ACCEFTED FOKAFILLKEFUND ON EXCHANGE WITHINLO",2021/5/8,68,MICHAEL KORS,other,其他
C:\Users\10646\Desktop\新建文件夹 (2)\en_635.jpg,"MICHAELKORS 9090 Carousel Conter Drive, 688802/07/20219:55 Casher:105558 ITEM QTY PRIGE AMOUNT Boot 2 $39.00 $78.00 knlcherbockers 1 $31.00 $31.00 USD Subtotal:$109.00 Total:$109.00 VISA CARD:$109.00 G111J14,H613.P4A.HKE0 WTHIN LO",2021/2/7,109,MICHAEL KORS,other,其他
C:\Users\10646\Desktop\新建文件夹 (2)\en_636.jpg,"MICHAEL KORS 9090 Carousel Conter Drive, 688826/08/202110:29 Casher:105558 ITEM QTY PRIGE AMOUNT bathing suit 1 $35.00 $35.00 knicherbockers 1 $31.00 $31.00 USD Subtotal:$66.00 Total:$66.00 VISA CARD:$66.00 G111J14,H613.P4A.HKE0 ALLSALEITEMSAREFINALSALEFOOTWEAR RETURNAELEMERCHANISENOTWORN OR WITHIN LO",2021/8/26,66,MICHAEL KORS,other,其他
C:\Users\10646\Desktop\新建文件夹 (2)\en_637.jpg,"MICHAELKORS 9090 Carousel Conter Drive, 688804/07/202110:50 Casher:105558 PRIGE AMOUNT ITEM QTY $78.00 Boot 2 $39.00 $60.00 Sandal 2 $30.00 USD Subtotal:$138.00 Total:$138.00 VISA CARD:$138.00 G111J14,H613.P4A.HKE0 ALLSALEITEMSAREFINALSALEFOOTWEAR ONCEWORNISNOTRETURNABLE.SWIMWEAR SUNGLASSESAND IHTIMATEAPPARELARENOT RETURNAELE.MERCHANIISENOTWORN OR USED AND IN ORIGINAL OONDITION WILL BE ACCEFTED FOKAFILLKEFUND ON EXCHANGE WITHINLO",2021/4/7,138,MICHAEL KORS,other,其他
C:\Users\10646\Desktop\新建文件夹 (2)\en_638.jpg,"MICHAELKORS 9090 Carousel Conter Drive, 688807/08/2021 10:05 Casher:105558 PRIGE AMOUNT ITEM QTY $33.00 short sleeve $33.00 1 $35.00 $35.00 overalls 1 $24.00 $24.00 mini-skirt 1 USD Subtotal:$92.00 Total:$92.00 VISA CARD:S92.00 G111J14,H613.P4A.HKE0 WITHINLO",2021/7/8,92,MICHAEL KORS,other,其他
C:\Users\10646\Desktop\新建文件夹 (2)\en_639.jpg,MICHAEL KORS 9090 Carousel Conter Drlve 688828/08/202110:19 Cashor:105558 QTY PRIGE AMOUNT ITEM 1 $30.00 $30.00 jacket 1 $28.00 $28.00 jeans 1 $23.00 $23.00 sun glasses USD Subtotal:$81.00 Total:$81.00 VISA CARD:S81.00 G111J14.H613.P4A.HKE0 WTHIN LO,2021/8/28,81,MICHAEL KORS,other,其他
C:\Users\10646\Desktop\新建文件夹 (2)\en_640.jpg,"MICHAEL KORS 9090 Carousel Conter Drive, 688817/07/202111:17 Casher:105558 ITEM QTY PRIGE AMOUNT pleated skirt 1 $30.00 $30.00 plimsolls 3 $32.00 $96.00 USD Subtotal:$126.00 Total:$126.00 VISA CARD:$126.00 G111J14,H613.P4A.HKE0 ALL SALEITEMSAREFINALSALEFOOTWEAR ONCEWORN ISNOTRETURNABLE.SWIMWEAR. SUNGLASSES AND IHTIMATEAPPARELARE NOT RETURNAELE.MERCHANIISE NOT WORN OR ACCEFTED FOKAFILLKEFUND ON EXCHANGE WITHINLO",2021/7/17,126,MICHAEL KORS,other,其他
C:\Users\10646\Desktop\新建文件夹 (2)\en_641.jpg,"MICHAEL KORS 9090 Carousel Conter Drive, 688802/08/202210:35 Casher:105558 ITEM QTY PRIGE AMOUNT sun glasses $23.00 $46.00 2 Sandal $30.00 1 $30.00 USD Subtotal:$76.00 Total:$76.00 VISA CARD:$76.00 G111J14.H613.P4A.HKE0 ALLSALEITEMSARE FINALSALE,FOOTWEAR ONCEWORN ISNOTRETURNABLE.SWIMWEAR SUNGLASSES AND IHTIMATEAPPARELARE NOT RETURNAELE.MERCHANIISENOT WORN OR USED AND IN ORIGINAL OONDITION WILL BE ACCEFTED FOKAFILL KEFUND ON EXCHANGE WITHINLO",2022/2/8,76,MICHAEL KORS,other,其他
C:\Users\10646\Desktop\新建文件夹 (2)\en_642.jpg,"MICHAELKORS 9090 Carousel Conter Drive, 688829/08/20219:00 Casher:105558 ITEM QTY PRIGE AMOUNT jacket 2 $30.00 $60.00 sneaker 1 $33.00 $33.00 USD Subtotal:$93.00 Total:$93.00 VISA CARD:$93.00 G111J14,H613.P4A.HKE0 USED AND IN ORIGINAL OONDITION WILL BE WITHINLO",2021/8/29,93,MICHAEL KORS,other,其他
C:\Users\10646\Desktop\新建文件夹 (2)\en_643.jpg,"MICHAEL KORS 9090 Carousel Conter Drive 688809/07/202111:11 Casher:105558 ITEM QTY PRIGE AMOUNT beach shoes 2 $23.00 $46.00 Short 2 $26.00 $52.00 Gallus 2 $20.00 $40.00 USD Subtotal:$138.00 Total:$138.00 VISA CARD:$138.00 G111J14,H613.P4A.HKE0 WITHIN LO",2021/9/7,138,MICHAEL KORS,other,其他
C:\Users\10646\Desktop\新建文件夹 (2)\en_644.jpg,"MICHAELKORS 9090 Carousel Conter Drive, 688804/08/202110:55 Casher:105558 ITEM QTY PRIGE AMOUNT sun glasses 3 $23.00 $69.00 gallus 1 $20.00 $20.00 USD Subtotal:$89.00 Total:$89.00 VISA CARD:$89.00 G111J14,H613.P4A.HKE0 ALL SALEITEMSAREFINALSALE,FOOTWEAR ONCEWORN IS NOTRETURNABLE.SWIMWEAR. SUNGLASSES AND HTIMATEAPPARELARENOT RETURNAELE.MERCHANIISE NOT WORN OR USED AND IN ORIGINAL OONDITION WILL BE ACCEFTED FOKAFILLKEFUND ON EXCHANGE WITHINLO",2021/4/8,89,MICHAEL KORS,other,其他
C:\Users\10646\Desktop\新建文件夹 (2)\en_645.jpg,"MICHAELKORS 9090 Carousel Conter Drive, 6888 20/08/20219:03 Casher:105558 PRIGE AMOUNT ITEM QTY $25.00 $25.00 jumper skirt 1 $38.00 martin boots $38.00 1 USD Subtotal:$63.00 Total:$63.00 VISA CARD:S63.00 G111J14,H613.P4A.HKE0 WTHINLO",2021/8/20,63,MICHAEL KORS,other,其他
C:\Users\10646\Desktop\新建文件夹 (2)\en_646.jpg,"MICHAEL KORS 9090 Carousel Conter Drive, 688814/08/202110:01 Casher:105558 ITEM QTY PRIGE AMOUNT leather shoes $36.00 $36.00 1 jacket 2 $30.00 $60.00 USD Subtotal:$96.00 Total:$96.00 VISA CARD:$96.00 G111J14,H613.P4A.HKE0 WITHINLO",2021/8/14,96,MICHAEL KORS,other,其他
C:\Users\10646\Desktop\新建文件夹 (2)\en_647.jpg,"MICHAELKORS 9090 Carousel Conter Drive 688829/07/202114:24 Casher:105558 PRIGE AMOUNT ITEM QTY $20.00 $40.00 vest 2 $38.00 martin boots $38.00 1 $23.00 $23.00 sun glasses 1 USD Subtotal:$101.00 Total:$101.00 VISACARD:S101.00 G111J14,H613.P4A.HKE0 ALLSALEITEMSAREFINALSALEFOOTWEAR WITHINLO",2021/7/29,101,MICHAEL KORS,other,其他
C:\Users\10646\Desktop\新建文件夹 (2)\en_648.jpg,"MICHAELKORS 9090 Carousel Conter Drive, 688819/07/20219:07 Casher:105558 ITEM QTY PRIGE AMOUNT mini-skirt 1 $24.00 $24.00 plimsolls 3 $32.00 $96.00 USD Subtotal:$120.00 Total:$120.00 VISA CARD:$120.00 G111J14,H613.P4A.HKE0 ALLSALEITEMSAREFINALSALEFOOTEAR RETURNAELEMERCHANIISE NOT WORN OR USED AND IN ORIGINAL OONDITION WILL BE ACCEFTED FOKAFILL KEFUND ON EXCHANGE WITHIN LO",2021/7/19,120,MICHAEL KORS,other,其他
C:\Users\10646\Desktop\新建文件夹 (2)\en_649.jpg,"MICHAELKORS 9090 Carousel Conter Drive, 688822/08/20219:47 Casher:105558 ITEM QTY PRIGE AMOUNT plimsolls 1 $32.00 $32.00 short sleeve 2 $33.00 $66.00 USD Subtotal:$98.00 Total:$98.00 VISA CARD:$98.00 G111J14,H613.P4A.HKE0 ALLSALEITEMSAREFINALSALEFOOTWEAR ONCEWORN ISNOTRETURNABLE.SWIMWEAR SUNGLASSES AND IHTIMATEAPPARELARE NOT RETURNAELE.MERCHANISENOT WORN OR USED AND IN ORIGINAL OONDITION WILL BE ACCEFTED FOKAFILLKEFUND ON EXCHANGE WITHIN LO",2021/8/22,98,MICHAEL KORS,other,其他
C:\Users\10646\Desktop\新建文件夹 (2)\en_650.jpg,"MICHAEL KORS 90g0 Carousel Conter Drive, 688815/08/202110:59 Casher:105558 ITEM QTY PRIGE AMOUNT jumpersuit 1 $32.00 $32.00 sandal 1 $30.00 $30.00 USD Subtotal:$62.00 Total:$62.00 VISA CARD:$62.00 G111J14,H613.P4A.HKE0 ALLSALEITEMSAREFINALSALEFOOTWEAR ONCEWORNSNOTRETURNABLESWIMWEAR SUNGLASSES AND IHTIMATEAPPARELARE NOT WTHINLO",2021/8/15,62,MICHAEL KORS,other,其他
C:\Users\10646\Desktop\新建文件夹 (2)\en_651.jpg,"MICHAEL KORS 9090 Carousel Conter Drive 688826/07/202114:04 Casher:105558 ITEM QTY PRIGE AMOUNT vest 2 $20.00 $40.00 plimsolls 1 $32.00 $32.00 sun glasses 2 $23.00 $46.00 USD Subtotal:$118.00 Total:$118.00 VISA CARD:$118.00 G111J14,H613.P4A.HKE0 WITHIN LO",2021/7/26,118,MICHAEL KORS,other,其他
C:\Users\10646\Desktop\新建文件夹 (2)\en_652.jpg,"MICHAELKORS 9090 Carousel Conter Drive, 688819/07/2021 9:07 Casher:105558 ITEM PRIGE AMOUNT QTY mini-skirt $24.00 $24.00 1 plimsolls $32.00 $96.00 3 USD Subtotal:$120.00 Total:$120.00 VISA CARD:$120.00 G111J14,H613.P4A.HKE0 ALL SALEITEMSAREFINALSALEFOOTWEAR WITHIN LO",2021/7/19,120,MICHAEL KORS,other,其他
C:\Users\10646\Desktop\新建文件夹 (2)\en_653.jpg,"MICHAEL KORS 9090 Carousel Conter Drive, 688824/08/20219:20 Casher:105558 ITEM QTY PRIGE AMOUNT $40.00 $40.00 coat 1 $36.00 $36.00 leather shoes 1 USD Subtotal:$76.00 Total:$76.00 VISA CARD:$76.00 G111J14,H613.P4A.HKE0 WITHIN LO",2021/8/24,76,MICHAEL KORS,other,其他
C:\Users\10646\Desktop\新建文件夹 (2)\en_654.jpg,"MICHAELKORS 9090 Carousel Conter Drive, 688808/08/202110:21 Casher:105558 ITEM QTY PRIGE AMOUNT $40.00 vest 2 $20.00 $70.00 bathing suit 2 $35.00 $24.00 $24.00 mini-skirt 1 USD Subtotal:$134.00 Total:$134.00 VISA CARD:$134.00 G111J14,H613.P4A.HKE0 ALLSALEITEMSAREFINALSALEFOOTWEAR WITHINLO",2021/8/8,134,MICHAEL KORS,other,其他
C:\Users\10646\Desktop\新建文件夹 (2)\en_655.jpg,"MICHAEL KORS 9090 Carousel Conter Drive, 688823/07/20219:04 Casher:105558 ITEM QTY PRIGE AMOUNT vest 2 $20.00 $40.00 plimsolls 1 $32.00 $32.00 Jacket 1 $30.00 $30.00 USD Subtotal:$102.00 Total:$102.00 VISA CARD:$102.00 G111J14,H613.P4A.HKE0 RETURNAELEMERCHANIISENOTWORN OR USED AND IN ORIGINAL OONDITION WILL BE WITHINLO",2021/7/23,102,MICHAEL KORS,other,其他
C:\Users\10646\Desktop\新建文件夹 (2)\en_656.jpg,MICHAEL KORS 9090 Carousel Conter Drive 688817/08/202110:43 Casher:105558 ITEM QTY PRIGE AMOUNT sun glasses 3 $23.00 $69.00 sandal 1 $30.00 $30.00 jeans 1 $28.00 $28.00 USD Subtotal:$127.00 Total:$127.00 VISA CARD:$127.00 G111J14.H613.P4A.HKE0 WTHINLO,2021/8/17,127,MICHAEL KORS,other,其他
C:\Users\10646\Desktop\新建文件夹 (2)\en_657.jpg,"MICHAEL KORS 9090 Carousel Conter Drive, 688811/07/202111:13 Casher:105558 ITEM QTY PRIGE AMOUNT Short 4 $26.00 $104.00 USD Subtotal:$104.00 Total:$104.00 VISA CARD:$104.00 G111J14,H613.P4A.HKE0 ALLSALEITEMSAREFINALSALEFOOTWEAR ONCEWORNISNOTRETURNABLE,SWIMWEAR SUNGLASSESAND IHTIMATEAPPARELARE NOT RETURNAELE MERCHANIISE NOT WORN OR USED AND IN ORIGINAL OONDITION WILL BE ACCEFTED FOKAFILL KEFUND ON EXCHANGE WITHIN LO",2021/11/7,104,MICHAEL KORS,other,其他
C:\Users\10646\Desktop\新建文件夹 (2)\en_658.jpg,"MICHAEL KORS 9090 Carousel Conter Drive, 688810/08/202110:00 Cashor:105558 ITEM QTY PRIGE AMOUNT snoakor 1 $33.00 $33.00 bathing sult 2 $35.00 $70.00 USD Subtotal:$103.00 Total:$103.00 VISA CARD:$103.00 G111J14,HG13.P4A.HKEO WITHINLO",2021/10/8,103,MICHAEL KORS,other,其他
C:\Users\10646\Desktop\新建文件夹 (2)\en_659.jpg,"MICHAELKORS 9090 Carousel Conter Drive, 688821/07/20219:44 Casher:105558 ITEM QTY PRIGE AMOUNT vest 5 $20.00 $100.00 plimsolls 3 $32.00 $96.00 USD Subtotal:$196.00 Total:$196.00 VISA CARD:$196.00 G111J14,H613.P4A.HKE0 WITHINLO",2021/7/21,196,MICHAEL KORS,other,其他
C:\Users\10646\Desktop\新建文件夹 (2)\en_660.jpg,MICHAELKORS 9090 Carousel Conter Drive 688818/08/20219:43 Casher:105558 ITEM QTY PRIGE AMOUNT sun glasses 4 $23.00 $92.00 bathing suit 中 $35.00 $140.00 USD Subtotal:$232.00 Total:$232.00 VISA CARD:$232.00 G111J14.H613.P4A.HKE0 WTHINLO,2021/8/18,232,MICHAEL KORS,other,其他
C:\Users\10646\Desktop\新建文件夹 (2)\en_661.jpg,RUTH'S CHRIS STEAKHOUSE Server:Marc 07/25/2021 7:18PM Guests:2 #20036 Sauteed Beef with $21 ×1 Chinese Broccoli Sauteed Beef Fillet $22 X1 with Green Pepper Subtotal $43 $3.4 Total $46.4 Balance Due $46.4,2021/7/25,46.4,RUTH'S CHRIS STEAKHOUSE,other,其他
C:\Users\10646\Desktop\新建文件夹 (2)\en_662.jpg,RUTH'S CHRIS STEAKHOUSE 01/15/2021 Server: Marc 9:03PM Guests:2 #20036 SaintBrightbeefsteak $31 ×1 packagemeal Sauteed Beef in $22 x1 Oyster Sauce Stewed Beef Brisket $21 X1 with Tomato $74 Subtotal $6.1 $80.1 Total $80.1 Balance Due Thank you for dining with us and come back again soon!,2021/1/15,80.1,RUTH'S CHRIS STEAKHOUSE,dining,餐饮
C:\Users\10646\Desktop\新建文件夹 (2)\en_663.jpg,RUTH'S CHRIS STEAKHOUSE Server: Marc 02/23/2021 5:16PM Guests:2 #20036 Sauteed Beef Fillet ×1 $22 with Green Pepper Sauteed Beef in $22 ×1 Oyster Sauce Ribs with Black ×1 $14 Pepper Subtotal $58 $4.2 Total $62.2 Balance Due $62.2 Thank you for dining with us and come back again soon!,2021/2/23,62.2,RUTH'S CHRIS STEAKHOUSE,dining,餐饮
C:\Users\10646\Desktop\新建文件夹 (2)\en_664.jpg,RUTH'S CHRIS STEAKHOUSE Server:Marc 18/03/2022 7:57PM Guests:2 #20036 Sauteed Beefwith $21 Chinese Broccoli ×1 Stewed Beef in ×1 $28 Casserole Subtotal $49 $3.6 Total $52.6 Balance Due $52.6 Thank you for dining with us and come back again soon!,2022/3/18,52.6,RUTH'S CHRIS STEAKHOUSE,dining,餐饮
C:\Users\10646\Desktop\新建文件夹 (2)\en_665.jpg,RUTH'S CHRIS STEAKHOUSE Server: Marc 06/15/2021 8:11PM Guests:2 #20036 x1 $28 Sirloin steak package'-meal Cod steak package ×1 $32 meal $60 Subtotal $5.5 $65.5 Total $65.5 Balance Due Thank you for dining with us and come back again soon!,2021/6/15,65.5,RUTH'S CHRIS STEAKHOUSE,dining,餐饮
C:\Users\10646\Desktop\新建文件夹 (2)\en_666.jpg,RUTH'S CHRIS STEAKHOUSE Server: Marc 01/23/2021 9:41PM Guests:2 #20036 Steamed Beef Tripe x1 $24 with Curry Fried Beef with Chili $25 ×1 Korean beefsteak $31 x1 package meal Subtotal $80 xeL $7.6 Total $87.6 Balance Due $87.6,2021/1/23,87.6,RUTH'S CHRIS STEAKHOUSE,dining,餐饮
C:\Users\10646\Desktop\新建文件夹 (2)\en_667.jpg,RUTH'S CHRIS STEAKHOUSE 03/02/2021 Server:Marc 5:47PM Guests:2 #20036 Cod steak package x1 S32 meal Sauteed Beef Fillet ×1 S22 with Green Pepper Stewed Beef Brisket ×1 S21 With Tomato S75 Subtotal $6.4 S81.4 Total $81.4 Balance Due,2021/3/2,81.4,RUTH'S CHRIS STEAKHOUSE,dining,餐饮
C:\Users\10646\Desktop\新建文件夹 (2)\en_668.jpg,RUTH'S CHRIS STEAKHOUSE 22/03/2022 Server: Marc 7:14PM Guests:2 #20036 Korean beefsteak $31 ×1 package meal Stewed Beef in $28 ×1 Casserole $59 Subtotal $4.2 Tax $63.2 Total $63.2 Balance Due Thank you for dining with us and come back again soon!,2022/3/22,63.2,RUTH'S CHRIS STEAKHOUSE,dining,餐饮
C:\Users\10646\Desktop\新建文件夹 (2)\en_669.jpg,RUTH'S CHRIS STEAKHOUSE an SouthBradSt Server:Marc 08/03/2021 7:26PM Guests:2 #20036 Sauteed Beefin $22 x1 Oyster Sauce Saint Bright $31 beefsteak ×1 packagemeal $53 Subtotal $4.6 Tax $57.6 Total $57.6 Balance Due,2021/8/3,57.6,RUTH'S CHRIS STEAKHOUSE,dining,餐饮
C:\Users\10646\Desktop\新建文件夹 (2)\en_670.jpg,RUTH'S CHRIS STEAKHOUSE Server: Marc 02/07/2021 8:24PM Guests:2 #20036 Ribs with Black $14 ×1 Pepper Sauteed Beef in $22 ×1 Oyster Sauce Australian beefsteak ×1 $31 package meal Subtotal $67 Tax $5.8 Total $72.8 Balance Due $72.8 Thank you for dining with us and come back again soon!,2021/2/7,72.8,RUTH'S CHRIS STEAKHOUSE,dining,餐饮
C:\Users\10646\Desktop\新建文件夹 (2)\en_671.jpg,RUTH'S CHRIS STEAKHOUSE Server:Marc 05/29/2021 Guests:2 6:16PM #20036 Korean beefsteak package meal ×1 $31 Filet steak package meal ×1 $28 Subtotal $59 $4.7 Total $63.7 Balance Due $63.7 come back again soon!,2021/5/29,63.7,RUTH'S CHRIS STEAKHOUSE,dining,餐饮
C:\Users\10646\Desktop\新建文件夹 (2)\en_672.jpg,RUTH'SCHRIS STEAKHOUSE 20/03/2022 Server: Marc 8:48PM Guests:2 #20036 Australian beefsteak ×1 S31 package meal Cod steak package ×1 S32 meal $63 Subtotal $5.6 $68.6 Total $68.6 Balance Due Thank you for dining with us and come back again soon!,2022/3/20,68.6,RUTH'S CHRIS STEAKHOUSE,dining,餐饮
C:\Users\10646\Desktop\新建文件夹 (2)\en_673.jpg,RUTH'S CHRIS STEAKHOUSE 03/11/2021 Server: Marc 5:03PM Guests:2 #20036 Griddled Beefand S25 ×1 Mushroom Norwegian salmon ×1 $32 steak packagee Filet steak package ×1 S28 meal S85 Subtotal $7.9 Tax $92.9 Total Balance Due $92.9 Thank you for dining with us and come back again soon!,2021/3/11,92.9,RUTH'S CHRIS STEAKHOUSE,dining,餐饮
C:\Users\10646\Desktop\新建文件夹 (2)\en_674.jpg,RUTH'S CHRIS STEAKHOUSE Server: Marc 07/25/2021 7:18PM Guests:2 #20036 Sauteed Beefwith ×1 $21 Chinese Broccoli Sauteed Beef Fillet ×1 $22 with Green Pepper Subtotal $43 $3.4 Total $46.4 Balance Due $46.4 come back again soon!,2021/7/25,46.4,RUTH'S CHRIS STEAKHOUSE,other,其他
C:\Users\10646\Desktop\新建文件夹 (2)\en_675.jpg,RUTH'S CHRIS STEAKHOUSE Server: Marc 02/15/2021 5:03PM Guests:2 #20036 Sauteed Beefwith x1 $21 Chinese Broccoli Griddled Beef and x1 $25 Mushroom Stewed Beef in ×1 $28 Casserole Subtotal $74 $6.7 Total $80.7 Balance Due $80.7 come back again soon!,2021/2/15,80.7,RUTH'S CHRIS STEAKHOUSE,other,其他
C:\Users\10646\Desktop\新建文件夹 (2)\en_676.jpg,RUTH'S CHRIS STEAKHOUSE Server:Marc 01/06/2021 9:22PM Guests:2 #20036 T-bone beefsteak x1 $28 package meal Griddled Beef and $25 x1 Mushroom Ribs with Black ×1 $14 Pepper Subtotal $67 $5.6 Total $72.6 Balance Due $72.6 Thank you for dining with us and come back again soon!,2021/1/6,72.6,RUTH'S CHRIS STEAKHOUSE,dining,餐饮
C:\Users\10646\Desktop\新建文件夹 (2)\en_677.jpg,RUTH'S CHRIS STEAKHOUSE Server:Marc 05/21/2021 6:03PM Guests:2 #20036 Fried Beef with Chili ×1 $25 Ribs with Black x1 $14 Pepper Subtotal $39 Tax $2.7 Total S41.7 Balance Due $41.7,2021/5/21,41.7,RUTH'S CHRIS STEAKHOUSE,other,其他
C:\Users\10646\Desktop\新建文件夹 (2)\en_678.jpg,RUTH'S CHRIS STEAKHOUSE Server: Marc 16/03/2022 8:12PM Guests:2 #20036 Sauteed Beefin ×1 $22 Oyster Sauce Saint Bright beefsteak ×1 $31 packagemeal Subtotal $53 Tax $4.2 Total $57.2 Balance Due $57.2 Thankyou for dining with us and come back again soon!,2022/3/16,57.2,RUTH'S CHRIS STEAKHOUSE,dining,餐饮
C:\Users\10646\Desktop\新建文件夹 (2)\en_679.jpg,RUTH'S CHRIS STEAKHOUSE Server:Marc 03/26/2021 5:17PM Guests:2 #20036 Sirloin steak $28 ×1 package'-meal T-bone beefsteak ×1 $28 package meal Stewed Beef in ×1 $28 Casserole $84 Subtotal $7.2 $91.2 Total $91.2 Balance Due Thank you for dining with us and come back again soon!,2021/3/26,91.2,RUTH'S CHRIS STEAKHOUSE,dining,餐饮
C:\Users\10646\Desktop\新建文件夹 (2)\en_680.jpg,RUTH'S CHRIS STEAKHOUSE Server:Marc 05/18/2021 6:56PM Guests:2 #20036 Steamed Beef Tripe ×1 $24 with Curry Stewed Beefin x1 $28 Casserole $52 Subtotal $4.1 $56.1 Total $56.1 Balance Due Thank you for dining with us and come back again soon!,2021/5/18,56.1,RUTH'S CHRIS STEAKHOUSE,dining,餐饮
C:\Users\10646\Desktop\新建文件夹 (2)\en_681.jpg,RUTH'S CHRIS STEAKHOUSE Server: Marc 04/01/2021 6:24PM Guests:2 #20036 Australian beefsteak ×1 S31 package meal $25 Griddled Beef and ×1 Mushroom ×1 $24 Steamed Beef Tripe with Curry $80 Subtotal $7.3 xe $87.3 Total $87.3 Balance Due Thank you for dining with us and come back again soon!,2021/4/1,87.23,RUTH'S CHRIS STEAKHOUSE,dining,餐饮
C:\Users\10646\Desktop\新建文件夹 (2)\en_682.jpg,RUTH'S CHRIS STEAKHOUSE 07/19/2021 Server: Marc 7:36PM Guests:2 #20036 Sirloin steak ×1 $28 package'-meal Stewed Beef in $28 ×1 Casserole Subtotal $56 $4.4 $60.4 Total $60.4 Balance Due,2021/7/19,60.4,RUTH'S CHRIS STEAKHOUSE,dining,餐饮
C:\Users\10646\Desktop\新建文件夹 (2)\en_683.jpg,RUTH'S CHRIS STEAKHOUSE Server:Marc 05/02/2021 6:14PM Guests:2 #20036 Stewed Beefin $28 x1 Casserole Griddled Beefand ×1 $25 Mushroom Stewed Beef Brisket ×1 $21 with Tomato $74 Subtotal $6.1 Tax $80.1 Total $80.1 Balance Due come back again soon!,2021/5/2,80.1,RUTH'S CHRIS STEAKHOUSE,other,其他
C:\Users\10646\Desktop\新建文件夹 (2)\en_684.jpg,RUTH'S CHRIS STEAKHOUSE Server:Marc 06/21/2021 8:16PM Guests:2 #20036 Norwegian salmon ×1 S32 steak packagee Fried Beef with Chili x1 S25 Subtotal $57 Tax $4.6 Total $61.6 Balance Due $61.6 come back again soon!,2021/6/21,61.6,RUTH'S CHRIS STEAKHOUSE,other,其他
C:\Users\10646\Desktop\新建文件夹 (2)\en_685.jpg,RUTH'S CHRIS STEAKHOUSE Server: Marc 21/03/2022 8:59PM Guests:2 #20036 Norwegian salmon $32 x1 steak packagee Sauteed Beef in ×1 $22 Oyster Sauce Subtotal $54 $4.6 Total $58.6 Balance Due $58.6 Thank you for dining with us and come back again soon!,2022/3/21,58.6,RUTH'S CHRIS STEAKHOUSE,dining,餐饮
C:\Users\10646\Desktop\新建文件夹 (2)\en_686.jpg,RUTH'S CHRIS STEAKHOUSE Server: Marc 04/14/2021 6:36PM Guests:2 #20036 Korean beefsteak ×1 $31 package meal Ribs with Black ×1 $14 Pepper Sauteed Beef in ×1 S22 Oyster Sauce Subtotal $67 Tax $5.6 $72.6 Total Balance Due $72.6 come back again soon!,2021/4/14,72.6,RUTH'S CHRIS STEAKHOUSE,dining,餐饮
C:\Users\10646\Desktop\新建文件夹 (2)\en_687.jpg,RUTH'S CHRIS STEAKHOUSE 04/30/2021 Server: Marc 6:11PM Guests:2 #20036 Cod steak package $32 x1 meal Norwegian salmon $32 x1 steak packagee Ribs with Black $14 ×1 Pepper $78 Subtotal $6.6 Tax $84.6 Total $84.6 Balance Due come back again soon!,2021/4/30,84.6,RUTH'S CHRIS STEAKHOUSE,dining,餐饮
C:\Users\10646\Desktop\新建文件夹 (2)\en_688.jpg,RUTH'S CHRIS STEAKHOUSE Server: Marc 06/28/2021 7:14PM Guests:2 #20036 Griddled Beef and x1 $25 Mushroom Filet steak package ×1 $28 meal Subtotal $53 $4.7 Total $57.7 $57.7 Balance Due,2021/6/28,57.7,RUTH'S CHRIS STEAKHOUSE,dining,餐饮
C:\Users\10646\Desktop\新建文件夹 (2)\en_689.jpg,RUTH'S CHRIS STEAKHOUSE Server:Marc 04/23/2021 6:41PM Guests:2 #20036 Filet steak package ×1 $28 meal Sauteed Beef in $22 x1 Oyster Sauce Stewed Beef in x1 $28 Casserole $78 Subtotal $6.3 Tax $84.3 Total $84.3 Balance Due come back again soon!,2021/4/23,84.3,RUTH'S CHRIS STEAKHOUSE,dining,餐饮
C:\Users\10646\Desktop\新建文件夹 (2)\en_690.jpg,RUTH'S CHRIS STEAKHOUSE Server:Marc 07/12/2021 7:29PM Guests:2 #20036 Australian beefsteak X1 $31 package meal Cod steak package ×1 $32 meal $63 Subtotal $5.3 $68.3 Total Balance Due $68.3 Thank you for dining with us and come back again soon!,2021/7/12,68.3,RUTH'S CHRIS STEAKHOUSE,dining,餐饮
C:\Users\10646\Desktop\新建文件夹 (2)\en_691.jpg,Chic Pub CARD DATE 2022/03/26 TIME 21:25 CLERKID 6 PURCHASE brandy $21.9 3 $21.9 TOTAL PURCHASE TOTAL $21.9 Thanks!,2022/3/26,21.9,Chic Pub,other,其他
C:\Users\10646\Desktop\新建文件夹 (2)\en_692.jpg,Chic Pub CARD DATE TIME 2022/03/20 CLERKID 19:21 6 PURCHASE sparkling wine 1 $8.6 cocktail $7.6 1 TOTAL $16.2 PURCHASE TOTAL $16.2 Thanks!,2022/3/20,16.2,Chic Pub,other,其他
C:\Users\10646\Desktop\新建文件夹 (2)\en_693.jpg,Chic Pub CARD 青★*★*****★***★*** DATE 2022/03/20 TIME 20:02 CLERKID 6 PURCHASE plum wine 2 $4.3 arrack 1 $3.8 TOTAL $8.1 PURCHASE TOTAL $8.1 Thanks!,2022/3/20,8.1,Chic Pub,other,其他
C:\Users\10646\Desktop\新建文件夹 (2)\en_694.jpg,Chic Pub CARD DATE 2022/03/26 TIME 20:15 6 CLERKID PURCHASE $8.2 yellow rice wine 1 1 $10.3 red wine $18.5 TOTAL PURCHASE TOTAL $18.5 Thanks!,2022/3/26,18.5,Chic Pub,other,其他
C:\Users\10646\Desktop\新建文件夹 (2)\en_695.jpg,Chic Pub CARD DATE 2022/03/18 TIME 16:51 CLERKID 6 PURCHASE tequila 1 $5.2 plum wine $4.3 1 ale $4.7 TOTAL $14.2 PURCHASE TOTAL $14.2 Thanks!,2022/3/18,14.2,Chic Pub,other,其他
C:\Users\10646\Desktop\新建文件夹 (2)\en_696.jpg,Chic Pub CARD DATE TIME 2022/03/26 21:12 CLERKID 6 PURCHASE tequila $5.2 anisette $4.6 $9.8 TOTAL PURCHASE TOTAL $9.8 Thanks!,2022/3/26,9.8,Chic Pub,other,其他
C:\Users\10646\Desktop\新建文件夹 (2)\en_697.jpg,Chic Pub CARD 2022/03/19 DATE 16:42 TIME 6 CLERKID PURCHASE $5.7 1 kaoliang spirit 1 $4.3 sangria 1 $8.6 sparkling wine $18.6 TOTAL PURCHASE TOTAL $18.6 Thanks!,2022/3/19,18.6,Chic Pub,other,其他
C:\Users\10646\Desktop\新建文件夹 (2)\en_698.jpg,Chic Pub CARD DATE 2022/03/20 TIME 19:13 CLERKID 6 PURCHASE vodka $6.3 cocktail $7.6 $13.9 TOTAL PURCHASETOTAL $13.9 Thanks!,2022/3/20,13.9,Chic Pub,other,其他
C:\Users\10646\Desktop\新建文件夹 (2)\en_699.jpg,Chic Pub CARD DATE 2022/03/19 TIME 16:51 CLERKID 6 PURCHASE kaoliang spirit $5.7 1 plum wine 1 $4.3 1 $4.6 anisette $14.6 TOTAL PURCHASE TOTAL $14.6 Thanks!,2022/3/19,14.6,Chic Pub,other,其他
C:\Users\10646\Desktop\新建文件夹 (2)\en_700.jpg,Chic Pub CARD DATE 2022/03/20 TIME 20:26 CLERKID PURCHASE sparkling wine $8.6 1 anisette 1 $4.6 TOTAL $13.2 PURCHASE TOTAL $13.2 Thanks!,2022/3/20,13.2,Chic Pub,other,其他
C:\Users\10646\Desktop\新建文件夹 (2)\zh_601.jpg,欢迎光临 门店：杭州城北商贸园店 流水：220322-07 机：J161C3 收银员号：216101 ·销·.·售 金额 数量 单价 名称 0.99 20056667 1 0.99 莫干山仙潭豆腐350g 0.99 20056667 1 660 莫干山仙潭豆腐350g 0.99 1 0.99 20056667 莫干山仙潭豆腐350g 0.99 20056667 1 0.99 莫干山仙潭豆腐350g 总金额：3.96 总数量：4.00 促销优惠：0.00 电子券优惠：0.00 其他优惠：0.00 优惠合计：0.00 舍分：0.06 实收：3.90 应收：3.90 会员： 现金 10.00 找零 6.10元 交易时间：2022-03-2207:54:42 我们致力于打造高效安全的 数字化城市生鲜供应链 美好生鲜生活，明康汇方案,2022/3/22,3.9,杭州城北商贸园店,shopping,购物
C:\Users\10646\Desktop\新建文件夹 (2)\zh_602.jpg,欢迎光临利客团结一店 时间:2022-03-14 17:23:35 收款机：134 收款员：13704 1.B蒙牛早餐奶核桃味利乐枕230m1 0110832 1*2.50 2.50 总计：2.50 种类/件数：1/1 宏业银联支付：2.50 订单号：013722031413400291723342 57 宏业银联支付实付：2.50优惠：0.00,2022/3/14,2.5,客团结一店,dining,餐饮
C:\Users\10646\Desktop\新建文件夹 (2)\zh_603.jpg,欢迎光临利客团结一店 时间:2022-03-14 17:23:16 收款机：134 收款员：13704 1.B桃李老面包280g 0109944 1*6.00 6.00 总计：6.00 种类/件数：1/1 宏业银联支付：6.00 订单号：013722031413400281723145 66 宏业银联支付实付：6.00优惠：0.00,2022/3/14,6,客团结一店,other,其他
C:\Users\10646\Desktop\新建文件夹 (2)\zh_604.jpg,欢迎光临上选都市生活超市 微信当面付消费凭证（顾客联） 收银机号：POS07 收银员号：5555 小票号：00086680 流水号：22031311203682694205175 支付金额：82.00 刷卡时间：2022-03-1311:20:27 注意：请妥善保存 欢迎光临上选都市生活超市 日期：2022.03.13机：POS07人：5555 商品 金额 ********************* 2000300000142 0.8861 [] 1.40 2*2.80 6901754050195 乌江微辣榨[80g] 5.60 2000155000212 0.3523 生莱[kg] 2.10 2002276000270 0.3857 工 河粉[散装] 2.70 2001044000559 0.3442 1 二刀肉[kg] 5.50 2000294000470 0.5131 红花藕[kg] 4.70 2001079001651 0.4213 16.50 肉肋排[kg] 0.6285 2000231000457 散花莱[kg] 4.50 0.2415 2000280000576 螺丝椒[kg] 5.70 0.1004 2000194000105 小葱[kg] 1.00 2000368000689 0.4255 鲜蒜苔[kg] 6.80 2001978000533 1.1623 湖北御京香[kg] 5.30 2000688000529 0.7263 砂糖桔[kg] 5.20 6912669291788 1*7.80 玉蕾正宗橄枪菜[168g] 7.80 2000128000720 0.6452 工 鲜鸡蛋（粉亮）[Kg] 7.20 工 应收：82.00 品种：15数量：9.83 82.00 总计： 82.00 微信 您共节省了-0.00元 会员卡卡号：B10623 注：可用积分不包含当日未入长积分！ 谢谢惠顾,2022/3/13,82,上选都市生活超市,shopping,购物
C:\Users\10646\Desktop\新建文件夹 (2)\zh_605.jpg,海信收款机 欢迎光临 优畅生鲜超市 恒山店 品名 单价数量 金额 15.961.28 20.50 前槽肉 累计优惠： 0.00元 应付金额： 20.50元 实付金额： 100.50元 找零： 80.00元 1.00 交易件数： 现金 20.50元 收款员：108收款机：02 No.00129546 2022-03-16 09:37:13 谢谢惠顾 欢迎下次光临,2022/3/16,20.5,优畅生鲜超市,shopping,购物
C:\Users\10646\Desktop\新建文件夹 (2)\zh_606.jpg,海信收款机 欢迎光临 优畅生鲜超市 恒山店 品名 单价数量金额 *干豆腐 10.96 0.29 3.20 铁坨韭菜 7.96 4.30 0.55 新土豆 1.96 3.60 1.82 （会员号：104453） （本笔积分： 0.00) （累计积分： 509.73) 累计优惠： 0.03元 应付金额： 11.10元 实付金额： 11.10元 交易件数： 3.00 现金 11.00元 电子零钱包： 0.10元（104453） 收款员：103 收款机：07 No.00118468 2022-03-1609:20:57 谢谢惠顾 欢迎下次光临 *代表促销优惠商品,2022/3/16,11.1,优畅生鲜超市,shopping,购物
C:\Users\10646\Desktop\新建文件夹 (2)\zh_607.jpg,海信收款机 欢迎光临 优畅生鲜超市 恒山店 品名 单价数量金额 *超甜蕉 9.961.20 11.90 栗香地瓜 5.161.88 9.70 （会员号：104255-刘秀红） （本笔积分： 0.00) （果计积分： 356.19) 应付金额： 21.60元 实付金额： 100.10元 找零： 78.50元 交易件数： 2.00 现金 21.60元 收款员：103 收款机：07 No.00118484 2022-03-16 09:33:35 谢谢惠顾 欢迎下次光临 *代表促销优惠商品,2022/3/16,21.6,优畅生鲜超市,shopping,购物
C:\Users\10646\Desktop\新建文件夹 (2)\zh_608.jpg,海信收款机 欢迎光临 优畅生鲜超市 恒山店 品名 单价数量 金额 散称 酥饼 11.980.63 7.60 应付金额： 7.60元 实付金额： 7.60元 交易件数： 1.00 全支付 7.60元（20220316 093005840674) 收款员：623 收款机：04 No.001429522022-03-16 09:29:41 谢谢惠顾 欢迎下次光临,2022/3/16,7.6,优畅生鲜超市,shopping,购物
C:\Users\10646\Desktop\新建文件夹 (2)\zh_609.jpg,呀咪可可梅塘路店 <补> 0320220312161458800100073 商品名称销量 单价 小计 DZ系列6寸 1.000 188.00 188.00 数量总计： 1.00 应收总额： 188.00 优惠总额： 0.00 实收总额： 188.00 消费币种为： 币种凭证号 原有额消费额 30.00 30.00 购物券： 储值卡：83*6684 370.00 158.00 余额： 212.00 收银员：0018 开票时间：2022-03-1216：15:13,2022/3/12,188,呀咪可可,shopping,购物
C:\Users\10646\Desktop\新建文件夹 (2)\zh_610.jpg,顾客联 #81美团外卖 *张记正宗烤炉鸡蛋灌饼* ——已在线支付—— 期望送达时间：立即送餐 下单时间：2022-03-1209:59:21 订单编号：129479544127753086 1号口袋 鸡蛋灌饼 X19.9 里脊肉 X15 双蛋鸡蛋灌饼 X112.9 [满20.0元减2.0元] 【用户使用联盟津贴减2元] [减配送费3.0元] [用户使用了会员红包减5元] 配送费：￥3 餐盒费：￥1 原价：￥31.8 实付：￥19.8 胡（先生） 备注：顾客需要餐 具,2022/3/12,19.8,张记正宗烤炉鸡蛋灌饼,dining,餐饮
C:\Users\10646\Desktop\新建文件夹 (2)\zh_611.jpg,迈德思客三原政府广场店 结账单 牌号：28 时间： 2022/3/1117:48:53 品项 数量单位 单价 小计 （套）韩式炸鸡堡单人餐 1 份 23 23.0 >韩式炸鸡堡 1 份 0 0.00 >薯条 1 份 0 0.00 >热牛奶（14A） 1 杯 0 0.00 结算方式 金额 券张数 备注 微信支付 23.00 应收： 23.00 优惠： 0.00 实收： 23.00,2022/3/11,23,迈德思客,dining,餐饮
C:\Users\10646\Desktop\新建文件夹 (2)\zh_612.jpg,小洲店 贝点零育 B02122081151950AP 店员：2102 15:19:50 订单时间：2022-03-22 商品条码 合计 商品 单品优惠 数量×单价 6935718000148 3.20 润田饮用纯净水 0.00 4X0.80 6934502301850 25.20 东鹏特饮维生素功能饮 0.00 6X4.20 11.66 小亲新多彩坚果 0.00 0.288斤×40.50 10.27 思宏手抓包核桃 0.00 0.516斤×19.90 50.33 订单合计： 单品优惠： 0.00 0.00 整单优惠： 0.00 优惠券优惠： 0.00 抹零： 应付金额： 50.33 实收金额： 50.33 支付宝 50.33 找零 0.00,2022/3/22,50.33,贝点零育,other,其他
C:\Users\10646\Desktop\新建文件夹 (2)\zh_613.jpg,欢迎惠顾天鲜配生鲜连锁超市 72金域天下_JM收银：7203 单据号：6011672220820040027 收款时间：2022-03-2310：50:48 品名/单价 数量 优惠/金额 1、【促销】小芹菜 32016 7.000.254kg 0.45/1.78 2、精品花菜 32006 5.96 0.380kg 0.00/2.26 3、青椒 32003 15.16 0.124kg 0.00/1.88 4、大红蕃茄 32018 9.16 0.138kg 0.00/1.26 件数：4 合计：0.45/7.18 应收：7.18 优惠：0.00 实收：7.18找零：0.00 结算方式：银联卡7.18 卡内余额：0.00 本次积分：5 卡内积分：1808 天鲜配加盟热线： 欢迎再次光临！,2022/3/23,7.18,天鲜配生鲜连锁超市,shopping,购物
C:\Users\10646\Desktop\新建文件夹 (2)\zh_614.jpg,欢迎光临特佳汇超市滨河店 款员4013 小票号2203220360335 款台036日期2022.03.2218:15：55 小计 单价*数量 品名 1.桃李果果切片面包500g 7.50 6924541990207 7.5*1 2.小散称特价 6.00 2904149006009 1*6 3.柏慧燕都猪肉香干180g（特价） 3.50 6930012700732 3.5*1 4.特佰汇购物袋33*55 0.3*1 0.30 3 5.桃李豆小方 6924541990672 6*1 6.00 6.桃李奶棒面包240g， 6924541990238 8*1 8.00 7.伊利臻浓牛奶230m1*16 6907992514338 46.4*1 46.40 8.农夫山泉饮用天然水750m1 6921168508242 2.5*1 2.50 数量/品种 8/8 原价金额 80.70 优惠金额 0.50 应收金额 80.20 合计大写 捌拾元贰角整 微信支付 80.20 请收好小票，钱物及时核对 如需退货请7日内办理,2022/3/22,80.2,特佳汇超市,shopping,购物
C:\Users\10646\Desktop\新建文件夹 (2)\zh_615.jpg,欢迎光临特佳汇超市滨河店 款员4022 小票号 2203220290215 款台029 日期2022.03.2217:45:28 小计 品名 单价*数量 1.卫龙大面筋精装312克（特价） 9.90 69352844176859.9*1 2.厨邦金品生抽820m1（特价） 9.90 6902902010191 9.9*1 3.散自采土豆淀粉 9.82 2902826009824 9.96*0.986 4.散自采玉米面（特价） 2.10 2902845002103 4.56*0.461 5.敢自采养面 2902865009366 10.96*0.854 9.36 6.小杨香菇 2903466003944 15.76*0.250 3.94 6/6 数量/品种 55.92 原价金额 10.90 优惠金额 45.02 应收金额 肆拾伍元零贰分 合计大写 45.02 微信支付 请收好小票，钱物及时核对 如需退货请7日内办理,2022/3/22,45.02,特佳汇超市,shopping,购物
C:\Users\10646\Desktop\新建文件夹 (2)\zh_616.jpg,欢迎光临特佳汇超市滨河店 款员4014 小票号2203220270002 款台027 日期2022.03.2208:47:52 品名 单价*数量 小计 1.凯西家瓦罐红烧带鱼402g（特价） 6970869040902 9.9*1 9.90 2.小杨有机菜花 2903431007397 7.96*0.928 37.39 3.骑士红枣奶袋90g*15 6909972599687 17.5*1 17.50 4.特佰汇购物袋33*55 3 0.3*1 0.30 数量/品种 4/4 原价金额 40.99 优惠金额 5.90 应收金额 35.09 合计大写 叁拾伍元零玖分 实付现金 50.10 找零金额 15.00 请收好小票，钱物及时核对 如需退货请7日内办理,2022/3/22,35.09,特佳汇超市,shopping,购物
C:\Users\10646\Desktop\新建文件夹 (2)\zh_617.jpg,欢迎光临特佳汇超市滨河店 款员4022 小票号2203220290103 款台029 日期2022.03.2215:17:05 单价*数量 小计 品名 1.小杨大葱 29033780043059.96*0.432 4.30 2.庞香斋鹤鸦蛋320g 7.80 6924680001215 7.8*1 3.小杨油麦菜 2903448002613 7.16*0.365 2.61 4.小杨生菜 2903444001504 7.6*0.197 1.50 5.水煮冬菇片250g. 6930644006202 9.5*1 9.50 6.小杨薄皮青椒 2903438004603 17.16*0.268 4.60 7.精品银耳花（特价） 2903838007693 91.6*0.084 7.69 8.特佰汇购物袋33*55 0.3*1 0.30 3 数量/品种 8/8 原价金额 38.30 应收金额 38.30 合计大写 叁拾捌元叁角整 微信支付 38.30 请收好小票，钱物及时核对 如需退货请7日内办理,2022/3/22,38.3,特佳汇超市,shopping,购物
C:\Users\10646\Desktop\新建文件夹 (2)\zh_618.jpg,款员4013 小票号2203220360231 款台036 6日期2022.03.22 16:28:29 小计 品名 单价*数量 1.大唐丰谷金牌雪花粉10kg（特价） 6948527045033 72.9*1 72.90 2.老庞特价水果2 7.50 2903757007507 2*3.750 3.海天鲜味耗油700g 8.90 69022657517318.9*1 4.今麦郎一袋半红烧牛肉面141g*5 15.80 6921555522561 15.8*1 数量/品种 4/4 原价金额 130.20 优惠金额 25.10 应收金额 105.10 合计大写 壹佰零伍元壹角整 实付现金 105.10 找零金额 D 请收好小票，钱物及时核对 如需退货请7日内办理,2022/3/22,105.1,特佳汇超市,other,其他
C:\Users\10646\Desktop\新建文件夹 (2)\zh_619.jpg,欢迎光临特佳汇超市滨河店 款员4010 小票号2203220300068 款台030 日期2022.03.2210:51:24 小计 品名 单价*数量 1.E360好太太香水香氛洗衣液洗护留 香3合15L（特价） 34.90 6942923502817 34.9*1 1/1 数量/品种 原价金额 69.00 优惠金额 34.10 应收金额 34.90 合计大写 叁拾肆元玖角整 实付现金 50.00 找零金额 15.10 请收好小票，钱物及时核对 如需退货请7日内办理,2022/3/22,34.9,特佳汇超市,shopping,购物
C:\Users\10646\Desktop\新建文件夹 (2)\zh_620.jpg,欢迎光临特佳汇超市滨河店 款员4013 小票号2203220360234 款台036 日期2022.03.22 16:29:34 品名 单价*数量 小计 1.小杨红土豆 2903344004605 1.56*2.949 34.60 数量/品种 1/1 原价金额 4.60 应收金额 4.60 合计大写 肆元陆角整 实付现金 5.00 找零金额 0.40 请收好小票，钱物及时核对 如需退货请7日内办理,2022/3/22,4.6,特佳汇超市,shopping,购物
C:\Users\10646\Desktop\新建文件夹 (2)\zh_621.jpg,欢迎光临特佳汇超市滨河店 款员4010 小票号2203220300008 款台030日期2022.03.2209:04:39 单价*数量 小计 品名 1.伊利金典纯牛奶250m1*12（特价） 49.90 6907992507385 49.9*1 数量/品种 1/1 原价金额 65.00 优惠金额 15.10 应收金额 49.90 合计大写 肆拾玖元玖角整 实付现金 50.00 找零金额 0.10 请收好小票，钱物及时核对 如需退货请7日内办理,2022/3/22,49.9,特佳汇超市,shopping,购物
C:\Users\10646\Desktop\新建文件夹 (2)\zh_622.jpg,欢迎光临特佳汇超市滨河店 款员4015 小票号 2203220270179 款台027 日期2022.03.22 16:31:06 品名 单价*数量 小计 1.小青豆饼干系列 2904159006907 21.8*0.317 6.90 数量/品种 1/1 原价金额 6.90 应收金额 6.90 合计大写 陆元玖角整 实付现金 7.00 找零金额 0.10 请收好小票，钱物及时核对 如需退货请7日内办理,2022/3/22,6.9,特佳汇超市,shopping,购物
C:\Users\10646\Desktop\新建文件夹 (2)\zh_623.jpg,欢迎光临特佳汇超市滨河店 款员4022 小票号2203220290103 款台029日期2022.03.2215：17:05 单价*数量 小计 品名 1.小杨大葱 29033780043059.96*0.432 4.30 2.庞香斋鹤鹑蛋320g 7.80 6924680001215 7.8*1 3.小杨油麦菜 2903448002613 7.16*0.365 2.61 4.小杨生菜 2903444001504 7.6*0.197 1.50 5.水煮冬菇片250g. 6930644006202 9.5*1 9.50 6.小杨薄皮青椒 2903438004603 17.16*0.268 4.60 7.精品银耳花（特价） 2903838007693 91.6*0.084 7.69 8.特佰汇购物袋33*55 0.3*1 0.30 3 数量/品种 8/8 原价金额 38.30 应收金额 38.30 合计大写 叁拾捌元叁角整 微信支付 38.30 请收好小票，钱物及时核对 如需退货请7日内办理,2022/3/22,38.3,特佳汇超市,shopping,购物
C:\Users\10646\Desktop\新建文件夹 (2)\zh_624.jpg,欢迎光临特佳汇超市滨河店 款员4015 小票号2203210360004 款台036 日期2022.03.2108:49:13 小计 单价*数量 品名 1.特佰汇购物袋33*55 0.30 0.3*1 3 2.小杨蒜苗 2903456003954 11.96*0.330 3.95 3.小杨薄皮青椒 2903438002401 17.16*0.140 2.40 4.小杨泥萝卜 2903358000730 2.96*0.247 0.73 5.每滋美味巧克力小贝 9.80 29043380098049.8*1 6.小杨大蒜 2903388003763 11.76*0.320 3.76 7.每滋美味精品黄金肉松 290436701280612.8*1 12.80 8.妙可蓝多高钙芝士片118g 6971142770448 14.8*1 14.80 9.竹桥村牛肉风味小贝 2904441006981 43.6*0.160 06.98 数量/品种 9/9 55.52 原价金额 55.52 应收金额 伍拾伍元伍角贰分 合计大写 55.52 微信 请收好小票，钱物及时核对 如需退货请7日内办理,2022/3/21,55.52,特佳汇超市,shopping,购物
C:\Users\10646\Desktop\新建文件夹 (2)\zh_625.jpg,欢迎光临特佳汇超市滨河店 款员4010 小票号2203220300076 款台030日期2022.03.2211:03:12 品名 单价*数量 小计 1.小杨处理菜1 2903815001188 2*0.590 1.18 2.小杨处理菜1 2903815001270 2*0.635 1.27 3.小杨处理菜1 2903815001591 2*0.795 1.59 4.万开黄豆芽（特价） 2900073002018 3.96*0.508 2.01 5.鑫双牛散粉条（特价） 2904615002139 3.96*0.538 2.13 6.特佰汇豆腐/kg（特价） 29029710021383.96*0.538 2.13 数量/品种 6/4 原价金额 10.84 0.53 优惠金额 10.31 应收金额 壹拾元叁角壹分 合计大写 50.50 实付现金 40.20 找零金额 请收好小票，钱物及时核对 如需退货请7日内办理,2022/3/22,10.31,特佳汇超市,shopping,购物
C:\Users\10646\Desktop\新建文件夹 (2)\zh_626.jpg,欢迎光临特佳汇超市滨河店 款员4015 小票号2203220270218 款台027 日期2022.03.2217:14:02 品名 单价*数量 小计 1.达利园软面包香奶味360g（特价） 69119880148259.9*1 9.90 2.小杨韭菜 29034070021738.96*0.2422.17 3.双汇优惠装 6902890900306 10.8*1 10.80 4.散称小辣椒 2902361001840 29.6*0.062 1.84 数量/品种 4/4 原价金额 27.61 优惠金额 2.90 应收金额 24.71 合计大写 贰拾肆元柒角壹分 微信支付 24.71 请收好小票，钱物及时核对 如需退货请7日内办理,2022/3/22,24.71,特佳汇超市,shopping,购物
C:\Users\10646\Desktop\新建文件夹 (2)\zh_627.jpg,欢迎光临特佳汇超市滨河店 小票号 2203220270218 款员4015 款台027 日期2022.03.2217:14:02 小计 品名 单价*数量 1.达利园软面包香奶味360g（特价） 9.90 6911988014825 9.9*1 2.小杨韭菜 22.17 2903407002173 8.96*0.242 3.双汇优惠装 10.80 6902890900306 10.8*1 4.散称小辣椒 1.84 2902361001840 29.6*0.062 414 数量/品种 27.61 原价金额 2.90 优惠金额 24.71 应收金额 贰拾肆元柒角壹分 合计大写 24.71 微信支付 请收好小票，钱物及时核对 如需退货请7日内办理,2022/3/22,24.71,特佳汇超市,shopping,购物
C:\Users\10646\Desktop\新建文件夹 (2)\zh_628.jpg,欢迎光临特佳汇超市滨河店 款员4015 小票号 2203220270133 款台027 日期2022.03.2215:40:17 品名 单价*数量 小计 1.老庞红嘎啦苹果 2903591010282 7.96*1.291 10.28 2.粤花豆鼓鲫鱼207g 6902150888153 11.3*1 11.30 3.草原红太阳番茄沙司200g 6926718496130 4.9*1 4.90 数量/品种 3/3 原价金额 26.48 应收金额 26.48 合计大写 贰拾陆元肆角捌分 微信支付 26.48 请收好小票，钱物及时核对 如需退货请7日内办理,2022/3/22,26.48,特佳汇超市,shopping,购物
C:\Users\10646\Desktop\新建文件夹 (2)\zh_629.jpg,欢迎光临特佳汇超市滨河店 款员4017 小票号2203220360073 款台036 日期2022.03.2211:04:55 单价*数量 小计 品名 1.老庞粑粑柑 9.34 2903732009342 9*1.038 2.老庞红富士苹果 2903587011552 9.96*1.160 11.55 数量/品种 2/2 原价金额 20.89 应收金额 20.89 合计大写 贰拾元捌角玖分 微信 20.89 请收好小票，钱物及时核对 如需退货请7日内办理,2022/3/22,20.89,特佳汇超市,shopping,购物
C:\Users\10646\Desktop\新建文件夹 (2)\zh_630.jpg,欢迎光临特佳汇超市滨河店 款员4010 小票号2203220300016 款台030 日期2022.03.2209:25:41 单价*数量 小计 品名 1.抱头白 2903348003451 3.96*0.871 3.45 2.抱头白 3.67 29033480036733.96*0.927 2/1 数量/品种 原价金额 7.12 应收金额 7.12 合计大写 柒元壹角贰分 实付现金 10.10 找零金额 3.00 请收好小票，钱物及时核对 如需退货请7日内办理,2022/3/22,7.12,特佳汇超市,shopping,购物
C:\Users\10646\Desktop\新建文件夹 (2)\zh_631.jpg,欢迎光临特佳汇超市滨河店 款员 小票号2203210290119 款台029 9日期2022.03.2112:08:18 品名 单价*数量 小计 1.老庞香瓜 2903577017922 25.6*0.700.17.92 2.老庞澳柑 2903533015146-7.96*1.902 15.14 3.特佰汇购物袋40*60 4 0.4*1 0.40 4.老庞粑粑柑 29037320071579*0.794 7.15 5.老庞精品香蕉 29036940076539.96*0.768 7.65 6.老庞黄油桃 2903685041659 31.6*1.318 41.65 7.老庞红宝石葡萄 2903608025346 37.6*0.674 25.34 8.老庞香莓 290362602780350*0.55627.80 数量/品种 8/8 原价金额 143.05 应收金额 143.05 合计大写 壹佰肆拾叁元零伍分 微信支付 143.05 重打历史小票2022-03-2112：20：13,2022/3/21,143.05,特佳汇超市,shopping,购物
C:\Users\10646\Desktop\新建文件夹 (2)\zh_632.jpg,欢迎光临特佳汇超市滨河店 款员4015 小票号2203210360058 款台036 日期2022.03.21 10:32：31 小计 品名 单价*数量 1.小杨西兰花 29034330026599.96*0.266 2.65 1/1 数量/品种 2.65 原价金额 2.65 应收金额 合计大写 贰元陆角伍分 实付现金 3.00 找零金额 0.30 请收好小票，钱物及时核对 如需退货请7日内办理,2022/3/21,2.65,特佳汇超市,shopping,购物
C:\Users\10646\Desktop\新建文件夹 (2)\zh_633.jpg,欢迎光临特佳汇超市滨河店 款员4010 小票号2203220300023 款台030 日期2022.03.2209:36:03 品名 单价*数量 小计 1.特佰汇豆腐/kg（特价） 2902971002275 3.96*0.573 2.27 数量/品种 1/1 原价金额 2.27 应收金额 2.27 合计大写 贰元贰角柒分 实付现金 5.00 找零金额 2.70 请收好小票，钱物及时核对 如需退货请7日内办理,2022/3/22,2.27,特佳汇超市,shopping,购物
C:\Users\10646\Desktop\新建文件夹 (2)\zh_634.jpg,欢迎光临特佳汇超市滨河店 款员4013 小票号2203210290143 款台029 日期2022.03.21 13：18:47 单价*数量 小计 品名 1.2L百事+2L美年达（特价） 6925788302891 9.9*1 9.90 数量/品种 1/1 原价金额 12.60 优惠金额 2.70 应收金额 9.90 合计大写 玖元玖角整 实付现金 10.00 找零金额 0.10 请收好小票，钱物及时核对 如需退货请7日内办理,2022/3/21,9.9,特佳汇超市,shopping,购物
C:\Users\10646\Desktop\新建文件夹 (2)\zh_635.jpg,欢迎光临特佳汇超市滨河店 款员4012 小票号 2203210290202 款台029 日期2022.03.21 16:58:52 品名 单价*数量 小计 1.小牛肉味蚕豆 2904228004308 19.8*0.217 4.30 2.MF6039H米菲方巾 10.50 6925704467635 10.5*1 2/2 数量/品种 原价金额 14.80 应收金额 14.80 合计大写 壹拾肆元捌角整 微信支付 14.80 请收好小票，钱物及时核对 如需退货请7日内办理,2022/3/21,14.8,特佳汇超市,shopping,购物
C:\Users\10646\Desktop\新建文件夹 (2)\zh_636.jpg,欢迎光临特佳汇超市滨河店 款员4010 小票号2203220300053 款台030日期2022.03.2210:20:17 品名 单价*数量 小计 1.散自采玉米面（特价） 2902845016711 4.56*3.664 16.71 2.万开黄豆芽（特价） 2900073002599 3.96*0.654 2.59 3.特佰汇豆腐/kg（特价） 2902971002282 3.96*0.576 2.28 4.特佰汇豆腐/kg（特价） 2902971002442 3.96*0.616 2.44 5.蒙牛优益C活性益生菌乳饮0蔗糖10 0m1*5 6934665095085 8.8*2 17.60 6.水果礼盒 2904094005003 1*10 10.00 7.鹏程蛋挞底320g（20g*16） 6916186854778 12.3*1 12.30 8.鑫维德蛋挞液500g 6934270000214 16.8*1 16.80 数量/品种 10/7 原价金额 优惠金额 81.40 应收金额 0.68 合计大写 80.72 捌拾元柒角贰分 微信支付 80.72 请收好小票，钱物及时核对 如需退货请7日内办理,2022/3/22,80.72,特佳汇超市,shopping,购物
C:\Users\10646\Desktop\新建文件夹 (2)\zh_637.jpg,晋中市东森超市（有限公司） 款机号 款员号 交易号 0108 0208 156815 时间：2022-03-2117:54:39 编码/名称 单价 数量 89698 9.40 2.06419.40 鲜鸡蛋 84192 3.97 0.343 1.36 蔬菜 84179 5.97 0.268 1.60 生菜 46322 9.01 0.322 2.90 东森一级黄瓜 6971142770011 19.80 19.80 妙可蓝多奶酪棒（原味）100g 69346650882309.90 9.90 1 蒙牛冠益乳发酵燕麦黄机利乐冠 6934665082047 9.90 9.90 蒙牛冠益乳草莓250g 118091 ·0.30 0.30 大购物袋 数量合计 8 应收：65.16 实收：65.20 找零金额： 00°0 支付 65.20 信用卡： 本票作为唯一退换货凭证请妥善保管 储值卡付款金额不作为报销依,2022/3/21,65.16,东森超市,shopping,购物
C:\Users\10646\Desktop\新建文件夹 (2)\zh_638.jpg,晋中市东森超市（有限公司） 款机号 款员号 交易号 0112 0211 293031 时间：2022-03-2117:47:58 编码/名称 单价数量 金额 89698 9.40 1.22611.52 鲜鸡蛋 数量合计 应收：11.52 实收：12.00 找零金额： 0.50 支付 人民币： 12.00 本票作为唯一退换货凭证请妥善保管 储值卡付款金额不作为报销依据 客服电话：,2022/3/21,11.52,东森超市,shopping,购物
C:\Users\10646\Desktop\新建文件夹 (2)\zh_639.jpg,欢迎光临 21嬉水店 收银员：6032 单号6043802220820390255 收款1时间：2022-03-23-11:27:30 原价实价数/重量原金额/折店 大白菜 1.760kg 436/4.36 7.67/7.67 件数 1 合计：7.67/7.67 应收 7.70 优惠：-0.03 实收 10.00 找零：2.30 结算方式： 现金 7.70,2022/3/23,7.67,21嬉水,other,其他
C:\Users\10646\Desktop\新建文件夹 (2)\zh_640.jpg,#预描 《《丹尼斯大卖场南阳路店》》 269859-050-00170792 1.油麦菜 2890113000000 1 2.00 2.红富士（普通纸袋80果 2898784000000 1.328 12.16 3.广西马水桔 2897774000000 0.58 4.62 4.皇冠梨 2895575000000 0.792 7.89 5.水果拼盘（组合） 2891165000000 7.80 5，丹尼斯小号购物袋 2000533267008 1 0.50 7.小金桔 2890607000000 0.502 5.60 8.大葱 2890224000000 0.48 3.44 9.西红柿（粉） 2892594000000 0.688 8.23 商品件数： 9.00 商品数量： 9.00 交易金额： 52.24 单号：108505000170792220306211441187 打印时间：2022-03-0621:14:41 请于15分钟内至自助机扫描二维码并付款,2022/3/6,52.24,丹尼斯大卖场,shopping,购物
C:\Users\10646\Desktop\新建文件夹 (2)\zh_641.jpg,欢迎光临永辉超市 内江市内江万达店 店号：9413 2022/03/0215:52:57 收银机：NJ29小票号：01448776 收银员：80143561类型：零售销售 商品名称 数量 单价 成交价 [*]新希望成都老酸奶原味180g*4 6941704415988 20.0 18.00 1 [*]太太乐芝麻香油230m] 69221301180631 17.9 11.90 老面包 9.90 23278150099001 甘蔗 9.9 9.90 25100032365071 相宜本草水盈清透防晒露SPF30-50 69253505024831 46.8 46.80 [*]天友牧场纯牛奶200m1*18 63.0 36.80 69004045249871 艾芭薇缤纷水果洗发沐浴露500ml 69572790009791 59.0 59.00 降价优惠合计：34.2 总额折扣：37.10 应收： 192.30 件数：7 实收： 192.30 找零：0.00 永辉卡 84.12 帐号：2336***********3418 微信支付 108.18 实际扣款：108.18,2022/3/2,192.3,永辉超市,shopping,购物
C:\Users\10646\Desktop\新建文件夹 (2)\zh_642.jpg,商家小票 饿了么 预订单 订单信息 #：21 订单号：8496932529209963936 下单时间：2022-03-0214：51:35 送餐时间：2022-03-02 16:05:00 订单信息 联系人：邓** 地址：【隐私保护】顾客地址已隐藏 您可登录饿了么商家端或骑手端查看 备注：依据餐量提供餐具 菜品信息 榛子奶油蛋糕4英寸 1 118 需要餐具 1 0 其他一 餐盒费 0 配送费 0 原价： 118.5 优惠金额： 活动内容：饿了么平台红包：-5.0； 12 饿了么外卖支付,2022/3/2,118.5,,dining,餐饮
C:\Users\10646\Desktop\新建文件夹 (2)\zh_643.jpg,小蚂蚁055 2022-03-16 17:56:43 055000001-LS-2022-03-16-0311 序品名 数量 单价 金额 1 农亨岩烧海苔烧烤味 1包8.00 6.8 折扣：1.2 2巴康菜鲜脆榨菜丝 1袋1.80 1.53 折扣：0.27 3巴康菜爽脆榨菜丁 1袋1.80 1.53 折扣：0.27 4 清亮南瓜PE保鲜膜 2.50 2.13 1卷 折扣：0.37 5金达日美一次性竹筷子 6.00 5.1 1袋 折扣：0.9 原价：20.10 折扣：3.01 实收：17.10 数量：5 找零金额：0.00 现金：17.10 谢谢惠顾，欢迎再次光临,2022/3/16,17.1,小蚂蚁055,dining,餐饮
C:\Users\10646\Desktop\新建文件夹 (2)\zh_644.jpg,小蚂蚁055 2022-03-16 18:33:10 金额 数量 单价 序品名 1 海天上等蚝油 5.9 1瓶 7.00 折扣：1.1 2佐香园料酒 9.3 1桶 10.50 折扣：1.2 3金锣王中王 1.7 1支 2.00 折扣：0.3 4金锣王中王 1.7 1支 2.00 折扣：0.3 原价：21.50 折扣：2.90 数量：4 实收：18.60 找零金额：2.00 现金：20.60 谢谢惠顾，欢迎再次光临,2022/3/16,18.6,小蚂蚁056,other,其他
C:\Users\10646\Desktop\新建文件夹 (2)\zh_645.jpg,小蚂蚁055 2022-03-16 18:12:58 金额 单价 序品名 数量 1 可口可乐汽水 2.3 1瓶 3.00 折扣：0.7 2可口可乐汽水 2.3 1瓶 3.00 折扣：0.7 原价：6.00 折扣：1.40 数量：2 实收：4.60 找零金额：0.00 现金：4.60 谢谢惠顾，欢迎再次光临,2022/3/16,4.6,小蚂蚁057,other,其他
C:\Users\10646\Desktop\新建文件夹 (2)\zh_646.jpg,小蚂蚁055 2022-03-16 18:15:05 055000001-LS-2022-03-16-0317 数量 单价 金额 序品名 1黄鹤楼（硬金砂） 16 1盒 16.00 折扣：0 2黄金叶（金满堂） 11 1盒 11.00 折扣：0 原价：27.00 折扣：0.00 数量：2 实收：27.00 现金：27.00 找零金额：0.00 谢谢惠顾，欢迎再次光临,2022/3/16,27,小蚂蚁058,other,其他
C:\Users\10646\Desktop\新建文件夹 (2)\zh_647.jpg,小蚂蚁055 2022-03-14 12:48:15 单价 金额 序品名 数量 1力诚鳕鱼肠芝士味 6.5 1袋8.00 折扣：1.5 2力诚鳕鱼肠原味 1袋9.00 折扣：2 原价：17.00 折扣：3.50 数量：2 实收：13.50 找零金额：6.50 现金：20.00 谢谢惠顾，欢迎再次光临,2022/3/14,13.5,小蚂蚁059,other,其他
C:\Users\10646\Desktop\新建文件夹 (2)\zh_648.jpg,小蚂蚁055 2022-03-16 17:29:26 055000001-LS-2022-03-16-0302 序品名 数量 单价 金额 1统一五合一汤达人日式豚骨拉面 1包 22.00 18.7 折扣：3.3 2康师傅酸梅汤 1瓶 7.50 5.8 折扣：1.7 3可口可乐汽水（细罐 1罐 3.00 2 折扣：1 原价：32.50 折扣：6.00 数量：3 实收：26.50 找零金额：0.00 现金：26.50 谢谢惠顾，欢迎再次光临,2022/3/16,26.5,小蚂蚁060,other,其他
C:\Users\10646\Desktop\新建文件夹 (2)\zh_649.jpg,小蚂蚁055 2022-03-16 16:52:29 序品名 数量 金额 单价 康师傅茉莉蜜茶 5.8 1瓶6.50 折扣：0.7 2康师傅水晶葡萄 5.8 1瓶7.50 折扣：1.7 3航丰东北丰原味雪糕 4.25 5支1.00 折扣：0.75 4航丰东北丰原味酸奶雪糕 4.25 5支1.00 折扣：0.75 5 金锣特价品（6元） 6 1个6.00 折扣：0 原价：30.00 折扣：3.90 数量：13 实收：26.10 找零金额：0.00 现金：26.10 谢谢惠顾，欢迎再次光临,2022/3/16,26.1,小蚂蚁061,other,其他
C:\Users\10646\Desktop\新建文件夹 (2)\zh_650.jpg,乡禾馅饼 收银员：1002牌号：P0232 单据号：202110231304237550232 下单时间：2021-10-2313:04:23 商品名称 单价数量 小计 午晚餐15元 15 1 15 粥 3 1 3 7 馄饨 1 7 原价：25 总数：3 现价：25 支付：腾讯云支付宝 :25 找零·0 实收：25,2021/10/23,25,乡禾馅饼,dining,餐饮
C:\Users\10646\Desktop\新建文件夹 (2)\zh_651.jpg,迎光临 穗津生鲜超市 品名 单价数量金额 270094000190400940 9.960.24 1.90 大蒜子 0.48 270060701250200607 25.000.50 12.50 纯瘦肉 270088200250200882 6.96 60.36 2.50 生菜 2701380006702 01 砂糖桔 9.96 1.12 6.70 4.50 累计优惠： 4.98元 应付金额： 23.60元 实付金额： 23.60元 交易件数： 4.00 微信支付： 23.60元 收款员：0003 收款机：02 No.00059995 62022-01-109:34:03 泉塘第·一生鲜市场二楼,2022/1/10,23.6,穗津生鲜超市,shopping,购物
C:\Users\10646\Desktop\新建文件夹 (2)\zh_652.jpg,双汇连锁0179店 2022.01.04 1220315017902017920681 18:34:40 品名售价数量 金额 1.原味馒头95g 2076010.5004.0002.0 1项合计：￥2.0 付呗支付：￥2.0 话0395-2678092 汇连锁店新鲜便利贴心放心,2022/1/4,2,双汇连锁,other,其他
C:\Users\10646\Desktop\新建文件夹 (2)\zh_653.jpg,双汇连锁0179店 1220319017902017920871 17:37:17 品名售价 数量 金额 1.安琪百钻面包糖100g 12320292.5001.0002.5 2.福成鲜到家香煎鸡排 02525937.9600.1706.5 3.—级香蕉 2411055.965 51.2747.6 3项合计：￥16.6 付呗支付：￥16.6 会员卡号：990127424 本次积分：16 总积分：8228.0 总分不包含当天消费积分 =凭此票30日内可换发票=投诉监督电 话 此票为退换货凭证请妥善保存=双 汇连锁店 新鲜便利贴心放心,,16.6,双汇连锁,other,其他
C:\Users\10646\Desktop\新建文件夹 (2)\zh_654.jpg,双汇连锁0179店 1220317017902017940282 08:59:09 品名售价数量金额 1.兴盛德五香花生420g 1193539.900 01.000 9.9 1顶合计：￥9.9 人民币支付：￥10.0 找零：￥0.1 会员卡号：990131839 本次积分：9 总积分：10400.0 总积分不包含当天消费积分 =凭此票30日内可换发票=投诉监督电！ 话 汇连锁店新鲜便利贴心放心,,9.9,双汇连锁,other,其他
C:\Users\10646\Desktop\新建文件夹 (2)\zh_655.jpg,双汇连锁0179店 金额 品名 售价 数量 1.沃柑 2077305.9561.528 9.1 2.（世通）散老豆腐 2086646.400 0.338 2.2 3.一级香蕉 2411055.991 0.868 5.2 3顶合计：￥16.5 人民币支付：￥20.0 找零：￥3.5 会员卡号：990131839 本次积分：16 总积分：10400.0 总积分不包含当天消费积分 =凭此票30日内可换发票=投诉监督电 =此票为退换货凭证请妥善保存=双 汇连锁店新鲜便利贴心放心,,16.5,双汇连锁,shopping,购物
C:\Users\10646\Desktop\新建文件夹 (2)\zh_656.jpg,水灵灵生鲜超 市 机号：04 收银员：20032022.03.0215:1 9 商品简称 数量 单价 小计 君盛达山楂条300g 10.00 10. 1 00 数量：1.0/1件 金额合计：10. 00 付款： 10.00 微信支付 微信交易号： 电脑小票号：04202203025929 谢谢惠顾，欢迎下次光临,2022/3/2,10,水灵灵生鲜超,other,其他
C:\Users\10646\Desktop\新建文件夹 (2)\zh_657.jpg,水灵灵生鲜超 市 机号：04 收银员：20032022.03.0210:4 6 商品简称 数量 单价 小计 香菇 0.219 15.96 3.50 绿豆芽 1 2.00 2.00 蔬菜特价 4.50 1.00 4.50 数量：5.7/7件 金额合计：10 00 付款： 微信支付 10.00 微信交易号： 4200001390202203028357930683 电脑小票号：04202203025920 谢谢惠顾，欢迎下次光临,2022/3/2,10,水灵灵生鲜超,other,其他
C:\Users\10646\Desktop\新建文件夹 (2)\zh_658.jpg,水灵灵生鲜超 市 机号：04收银员：20032022.03.0210:4 6 商品简称 数量 单价 小计 老姜 0.385 11.96 4.60 数量：0.4/1件 金额合计：4. 60 付款： 微信支付 4.60 微信交易号： 4200001357202203023483476775 电脑小票号：04202203025921 谢谢惠顾，欢迎下次光临,2022/3/2,4.6,水灵灵生鲜超,other,其他
C:\Users\10646\Desktop\新建文件夹 (2)\zh_659.jpg,水灵灵生鲜超 市 机号：04 收银员：20032022.03.0210：5 9 商品简称 数量 单价 小计 菠菜 0.473 11.00 5.20 蔬菜特价 2.50 1.00 2.50 数量：3.0/4件 金额合计：7. 70 7.70 付款：现金 电脑小票号：04202203025926 谢谢惠顾，欢迎下次光临,2022/3/2,7.7,水灵灵生鲜超,other,其他
C:\Users\10646\Desktop\新建文件夹 (2)\zh_660.jpg,水灵灵生鲜超 市 机号：04 收银员：20032022.03.0210：5 9 数量 单价 商品简称 小计 0.907 4.96 4.50 冬瓜 0.386 5.96 2.30 长南瓜 0.688 5.96 4.10 黄金菜 0.924 13.96 12.90 有机菜花 蒜苔 0.456 19.96 9.10 绿豆芽 1 2.00 2.00 数量：4.4/6件 金额合计：34. 90 付款：现金 40.00 现金找零 5.10 电脑小票号：04202203025925 谢谢惠顾，欢迎下次光临,2022/3/2,34.9,水灵灵生鲜超,other,其他
C:\Users\10646\Desktop\新建文件夹 (2)\zh_661.jpg,水灵灵生鲜超 市 机号：04 收银员：20032022.03.0215：1 8 商品简称 数量 单价 小计 山东富士 1.536 13.9621.44 数量：1.5/1件 金额合计：21. 44 付款： 微信支付 21.44 微信交易号： 4200001362202203029169206268 电脑小票号：04202203025928 谢谢惠顾，欢迎下次光临,2022/3/2,21.44,水灵灵生鲜超,other,其他
C:\Users\10646\Desktop\新建文件夹 (2)\zh_662.jpg,欢迎光临百家国团结一店 浦水号：220312342047809：34:20 收款机：301收款员：2402 1.油麦菜 2.73 03002500.456*598 2.菠菜 3.77 03002710.472*798 3.散香菇 2.71 0300633 0.194*13.96 4.片磨 5.93 03002520.496*11.96 5.百草味长沙臭豆满香辣味125g 0100366 1*9.90 9.90 6A双汇王中王60g人腿 0107743 5*2.20 11.00 计：36.00 种奖/件数：6/10 出子收款：36.00 线上下单今订次日提,,36,百家国团结一店,other,其他
C:\Users\10646\Desktop\新建文件夹 (2)\zh_663.jpg,收款小票 请妥善保馆 商户存根 商户名称： 百家润团结店 收银员： bjr02402 交易状态：支付成功 支付类型： 微信 付款码支付 交易时间： 2022-02-27 10:23:27 实收金额：￥40.00 顾客签名： 欢迎光临百家润团结一店 流水号：220227342053310:23:33 收款机：301收款员：2402 1.好人家水煮肉片100g 01124131*5.90 5.90 2.家合绵白糖400g 01113701*5.90 5.90 3.百家润猪肉猪肉精肉 0300053100.434*37.60 16.32 4.大 0300270 0.374*13.56 3.20 5.西红柿（一级） 0300262 0.62*13 98 8.67 种线/件数：5/5 计：40.00 融子收款：40.00 线上下单今天订次日提,2022/2/27,40,百家润团结一店,other,其他
C:\Users\10646\Desktop\新建文件夹 (2)\zh_664.jpg,欢迎光临百家润团结一店 流水号：2203123420561 11：34:06 收款机：301收款员：2402 1.安辰馒头（白） 0300290 1*4.00 4.00 总计：4.00 种类/件数：1/1 现金：4.00 线上下今人订次日提,,4,百家润团结一店,other,其他
C:\Users\10646\Desktop\新建文件夹 (2)\zh_665.jpg,大商股份七台河新玛特 无微不至无限发展 信誉卡 七台河市消费者协会监制 销售状态：会员销售 会员卡号：00910102000000993577（手机号） 交易号：264收银员：200237收银机：1022 商品 单价 准 金额 佰玲鸡产品 225901002062006102 0.610 20.62 康师傅红烧牛肉面 69206984610031.00 1.0001.00 康师傅红烧牛肉面 6920698461003 1.00 1.0001.00 康师傅牛肉面 6920698498429 1.00 1.0001.00 艳艳蔬菜 225082000200003345 0.334 2.00 安徽颜彩塑料购物 3422376 0.20 1.0000.20 元泰绿萝下 226030000582005825 0.582 5.82 元泰心里美萝 226031000442004424 0.442 4.42 元泰白萝下 226070000403006725 0.672 4.03 青岛全白啤酒 69010356141912.90 1.0002.90 青岛全麦白啤酒 69010356141912.90 1.0002.90 元泰藕 226025000765005541 0.554 7.65 周三甜王西瓜 229014002141018140 1.814 21.41 伊利金典纯牛奶 6907992507385 39.60 1.00039.60 玉橄榄菜 6912669201862 2.50 1.0002.50 双汇地道肉肠 6902890263814 12.80 1.000 12.80 元泰大蒜 226001000384003928 0.392 3.84 交易识别码：06091102222031515395502640 合计：133.6 数量：14.4 支付金额：133.60 其中： 微信支付：133.60 本笔交易积分：2.672 交易后积分：45.9706 （本月到期积分：0.0000） 2022年03月15日星期二15时40分09秒,,133.6,,shopping,购物
C:\Users\10646\Desktop\新建文件夹 (2)\zh_666.jpg,大商股份七台河新玛特 无微不至无限发展 信誉卡 七台河市消费者协会监制 销售状态：商品销售 交易号：343收银员：200207收银机：1001 商品 单价 数量 金额 米多奇馍片90 69262153728901..00 6.000 6.00 回头客卡侬尼华芙 69428863078497.90 1.000 7.90 溢口香什锦果肉 69315928888891.00 4.000 4.00 合计：17.9 数量：11.0 支付金额：17.90 其中： 微信支付：17.90 2022年03月12日星期六14时44分38秒,,17.9,,other,其他
C:\Users\10646\Desktop\新建文件夹 (2)\zh_667.jpg,大商股份七台河新玛特 无微不至无限发展 信誉卡 销售状态：会员销售 交易号：572收银员：200212收银机：1014 商品 单价 数量 金额 小阿岩中点 225637000635004607 0.460 6.35 波波山楂条 227690001038005249 0.524 10.33 安徽颜彩塑科购物 6945698200049 0.30 1.0000.30 小阿岩中点 225637000660004788 0.478 6.60 住旺奇合肉 6935890400026 4.90 1.0004.90 安开红糖极把 6971738650376 4.90 1.0004.90 安井红糖橙粑 6971738650376 4.90 1.0004.90 安井红糖极粑 6971738650376 4.90 1.0004.90 心相印独立装 6922868284283 3.50 1.0003.50 蒙牛优益C原味 6934665082313 9.90 1.0009.90 家牛优益原味 6934665082313 9.90 1.0009.90 香飘飘果汁茶 6938888881593 3.90 1.0003.90 香飘飘果汁茶 6938888881593 3.90 1.0003.90 香飘飘果汁系樱桃 6938888889896 3.90 1.0003.90 香飘飘果汁茶楼桃 6938888889896 3.90 1.0003.90 心相印独立装 6922868281114 3.50 1.0003.50 心相印独立装 6922868284283 3.50 1.0003.50 心相印独立装 6922868281114 3.50 1.0003.50 心相印茶语3层 6903244675208 14.90 1.00014.90 心相印东语3层 6903244675208 14.90 1.00014.90 百丽百花争艳空 6940074900858 16.90 1.00016.90 百丽百花争艳空 6940074900858 16.90 1.000 16.90 交易识别码：06091101422031019404005720 合计：156.2 数量：20.462 支付金额：156.20 其中： 微信支付：156.20 本笔交易积分：3.124 交易后积分：493.777 （本月到期积分：0.0000） 2022年03月10日星期四19时40分48秒,,156.2,,shopping,购物
C:\Users\10646\Desktop\新建文件夹 (2)\zh_668.jpg,大商股份七台河新玛特 无微不至无限发展 信誉卡 七台河市消费者协会监制 销售状态：商品销售 交易号：394收银员：200184收银机：1040 商品 单价 数量 金额 安徽颜彩塑料购物 69456982000320.20 1.0000.20 合计：0.2 数量：1.0 支付金额：0.20 其中： 现金：0.20 星期一17时05分43秒 2022年03月14日 七台河新玛特提醒您保管好信誉卡！ 用信用卡消费请保管好银行签购单 请在当日内开具发票,,0.2,,shopping,购物
C:\Users\10646\Desktop\新建文件夹 (2)\zh_669.jpg,大商股份七台河新玛特 无微不至无限发展 信誉卡 销售状态：会员销售 交易号：327收银员：200207收银机：1014 商品 单价 数量 金额 蒙牛巴氏杀菌 6934665093906 62.50 4.00010.00 蒙牛蓝莓酸酸乳饮 6923644242947 1.80 1.0001.80 蒙牛蓝莓酸酸乳饮 6923644242947 1.80 1.000 1.80 潘氏兄弟牛排味 6940280103548 1.00 1.000 1.00 蒙纯老酸奶 6934039700133 2.70 1.0002.70 蒙纯老酸奶 6934039700133 2.70 1.0002.70 小阿岩出清 227034000300010004 1.000 3.00 潘氏兄弟烧烤味 6940280103555 1.00 1.0001.00 潘氏兄弟烧烤味 6940280103555 1.00 1.0001.00 潘氏兄弟烧烤味 6940280103555 1.00 1.0001.00 潘氏兄弟牛排味 6940280103548 1.00 1.0001.00 潘氏兄弟烧烤味 6940280103555 1.00 1.0001.00 伊利纯牛奶 6907992500942 1.90 4.0007.60 安徽颜彩塑料购物 5945698200032 0.20 1.0000.20 合计：35.8 数量：20.0 支付金额：100.00 找零：64.20 其中： 现金：35.80 本笔交易积分：0.716 交易后积分：22.054 （本月到期积分：4.4540） 2022年03月12日星期六14时16分45秒,,35.8,,dining,餐饮
C:\Users\10646\Desktop\新建文件夹 (2)\zh_670.jpg,#20美团外卖 备注：顾客需要餐 具 *胖墩墩肉肉拌饭（四道口店）* --已在线支付-- 期望送达时间：立即送餐 下单时间：2022-03-0811:37:19 订单编号：140028173499263019 1号口袋 日式照烧肉肉拌饭+煎蛋+小菜 X142.88 合计： x142.88 其它 [购买日式照烧肉肉拌饭+煎蛋+小菜 原价42.88元现价17.99元] [减配送费3.0元] 配送费：￥3 餐盒费：￥2 原价：￥47.88 实付：￥19.99 156***1816 M3kyNdwukla #20完 ********* *********,2022/3/8,19.99,,dining,餐饮
C:\Users\10646\Desktop\新建文件夹 (2)\zh_671.jpg,6+1年鲜超市 禄徽苑店分店：[0201] NO.B1202203210557 2022.03.2116:58 收银机：B1 收银员：2004 品名 单价数量小计 京禾宽面800g 5.901.005.90 散称徐福记糕点39.600.3413.50 大号购物袋 0.301.000.30 妙可蓝多”奶酪18.901.0018.90 双汇非清真鸡肉 5.801.005.80 格力高百醇芝士 5.801.005.80 嘉士利士多啤梨 4.501.00 04.50 嘉士利士多啤梨 4.50 1.004.50 嘉士利果乐果香 3.80 1.00 3.80 好丽友蘑菇力饼 4.50 1.00 4.50 小猪佩奇注心饼11.801.0011.80 数量：10.34 件数：11 原价合计：79.34 折让：0.04 应付台计：79.30 付款：银联付款 79.3 备注信息：01/106665 谢谢惠顾！ 欢迎下次光临,2022/3/21,79.3,,shopping,购物
C:\Users\10646\Desktop\新建文件夹 (2)\zh_672.jpg,欢迎光临谊品生鲜 南昌谊品生鲜丁香怡景店 销售小票 机号：POS05562 收银员：刘* 小票号：POS055622203241122036 日期：2022-03-2411:22:06 数量单价 成交价 商品名称 1.库尔勒香梨（基础价） ￥13.96¥6.84 2810225000 0.49 2.小台农芒果（基础价） 0.648 ￥11.98¥7.76 2110290 促销特价优惠：0 分时折扣优惠：0 满金额减免优惠：0 使用优惠券优惠：0 应付款：14.6数量：2 实付款：14.6找零金额：0 14.6 付款方式：微信 实际扣款：14.6 支付订单号： 4200001383202203249892111892,2022/3/24,14.6,谊品生鲜,other,其他
C:\Users\10646\Desktop\新建文件夹 (2)\zh_673.jpg,欢迎光临谊品生鲜 销售小票 机号：POS05544 收银员：熊*玲 二 单价成交价 数量 商品名称 1.蒜苔（基础价） ￥13.96¥5.33 0.382 2110496000 2.香芹（基础价） ￥7.96￥1.93 21105100000. 242 3.精品鲜香菇（基础价） ¥15.98¥9.46 21104750000.592 促销特价优惠：0 分时折扣优惠：0 满金额减免优惠：0 使用优惠券优惠：0 应付款：16.72数量：3 实付款：16.72找零金额：0 16.72 付款方式：微信 实际扣款：16.72 支付订单号： 4200001393202203243939408567,,16.72,谊品生鲜,other,其他
C:\Users\10646\Desktop\新建文件夹 (2)\zh_674.jpg,欢迎光临谊品生鲜 南昌谊品生鲜丁香怡景店 机号：POS05562 销售小票 收银员：刘* 日期：2022-03-2411:12:05 商品名称 数量 单价成交价 1.油麦菜（基础价） 2110395000 0.396 ¥￥7.16￥2.84 2.白金针菇（基础价） 2110473 0.222 ￥9.96¥2.21 促销特价优惠：0 分时折扣优惠：0 满金额减免优惠：0 使用优惠券优惠：0 1 应付款：5.05数量：2 实付款：20.1找零金额：15 付款方式： 现金支付 5.05 实际扣款：5.1,2022/3/24,5.05,谊品生鲜,other,其他
C:\Users\10646\Desktop\新建文件夹 (2)\zh_675.jpg,欢迎光临谊品生鲜 南昌谊品生鲜丁香怡景店 销售小票 机号：POS05544 收银员：熊*玲 小票号：POS055442203241200581 白期：2022-03-24 12:01:25 单价成交价 数量 商品名称 1.西红柿Z（基础价） ￥11.96¥4.09 21104530000.342 2.小葱1（基础价） ￥13.96¥2.26 21105070000.162 3.德先生潮汕鱼丸250g ￥19.90¥19.90 69577109012161 4.排骨（基础价） 0.528 ¥49.96¥26.38 2110577000 5.黑鲫鱼（基础价） 2110659 0.544 ¥29.96¥16.30 促销特价优惠：0 分时折扣优惠：0 满金额减免优惠：0 使用优惠券优惠：0 应付款：68.93数量：5 实付款：68.93找零金额：0 付款方式： 支付宝 68.93 实际扣款：68.93 支付订单号： 2022032422001423581456852906,2022/3/24,68.93,谊品生鲜,other,其他
C:\Users\10646\Desktop\新建文件夹 (2)\zh_676.jpg,欢迎光临谊品生鲜 南昌谊品生鲜丁香怡景店 销售小票 机号：POSO5544 收银员：熊*玲 小票号：POS055442203240936211 白期：2022-03-2409：36:31 单价 成交价 数量 商品名称 1.韭菜（基础价） ¥￥7.96¥2.53 0.318 2110515000 2.西红柿Z（基础价） ￥11.96¥6.67 21104530000.558 促销特价优惠：0 分时折扣优惠：0 满金额减免优惠：0 使用优惠券优惠：0 数量：2 应付款：9.2 找零金额：0 实付款：9.2 9.2 支付宝 付款方式： 实际扣款：9.2 支付订单号： 2022032422001433491412239467,2022/3/24,9.2,谊品生鲜,other,其他
C:\Users\10646\Desktop\新建文件夹 (2)\zh_677.jpg,欢迎光临谊品生鲜 南昌谊品生鲜丁香怡景店 销售小票 机号：POS05562 收银员：刘* 白期：2022-03-2409：30:50 商品名称 数量单价成交价 1.优质前腿肉（基础价） ¥25.96￥13.97 2110573000 0.538 促销特价优惠：0 分时折扣优惠：0 满金额减免优惠：0 使用优惠券优惠：0 应付款：13.97数量：1 实付款：13.97找零金额：0 付款方式：支付宝 13.97 实际扣款：13.97 支付订单号：,2022/3/24,13.97,谊品生鲜,other,其他
C:\Users\10646\Desktop\新建文件夹 (2)\zh_678.jpg,欢迎光临谊品生鲜 南昌谊品生鲜丁香怡景店 销售小票 机号：P0S05562 收银员：刘* 小票号：P0S055622203241113486 日期：2022-03-2411:13:59 商品名称 数量单价成交价 1.西芹（基础价） 21105140000.292 ￥7.96¥2.32 2.黄豆芽（基础价） 2110556000 0.21 ¥3.96￥0.83 3.卤水老豆腐 6972401280418 ¥4.90¥4.90 4.尚釜重庆老火锅底料240g 69250978081451 ¥13.50¥13.50 5.俭字牌八角50g 69710059916071 ¥8.58¥8.58 3.生菜（基础价） 21103910000.254 ¥5.96￥1.51 促销特价优惠：0 分时折扣优惠：0 满金额减免优惠：0 使用优惠券优惠：0 应付款：31.64数量：6 实付款：31.64找零金额：0 付款方式： 微信 31.64 实际扣款：31.64 支付订单号： 4200001380202203248700489115,2022/3/24,31.64,谊品生鲜,shopping,购物
C:\Users\10646\Desktop\新建文件夹 (2)\zh_679.jpg,欢迎光临谊品生鲜 机号：POSO05562 销售小票 收银员：刘* 商品名称 数量单价成交价 1.鲜鸭蛋（基础价） 2110172 ¥13.16 ¥11.63 0.884 促销特价优惠：0 分时折扣优惠：0 满金额减免优惠：0 使用优惠券优惠：0 应付款：11.63数量：1 实付款：11.63找零金额：0 付款方式：微信 11.63 实际扣款：11.63 支付订单号： 4200001388202203249734932456,,11.63,谊品生鲜,other,其他
C:\Users\10646\Desktop\新建文件夹 (2)\zh_680.jpg,销售小票 收银员：熊*玲 商品名称 单价成交价 1.可降解购物袋小号 69717783510351 ￥0.40￥0.40 2.香蕉T（精品价） 21102360000. 988 ¥9.16¥9.05 3.韭菜（基础价） 21105150000.472 ¥￥7.96¥3.76 4.小台农芒果（基础价） 0.898 ￥11.98￥10.76 2110290 5.基围虾（基础价） 28016090000080.254 ¥99.60¥25.30 促销特价优惠：0 分时折扣优惠：0 满金额减免优惠：0 使用优惠券优惠：0 应付款：49.27数量：5 实付款：49.27找零金额：0 49.27 付款方式：微信 实际扣款：49.27 支付订单号： 4200001355202203244442077885,,49.27,谊品生鲜,shopping,购物
C:\Users\10646\Desktop\新建文件夹 (2)\zh_681.jpg,欢迎光临谊品生鲜 南昌谊品生鲜丁香怡景店 销售小票 机号：POS05544 收银员：熊*玲 商品名称 数量 单价成交价 1.泰国小菠萝（个） 28066360000071 ¥0. 90¥9.90 2.可降解购物袋小号 69717783510351 ￥0.40￥0.40 3.冰鸡棒腿（基础价） 2110621000—0.33 ¥19.96¥6.59 4.排骨（基础价） 0.284 ¥49.96￥14.19 2110577000 5.白萝卜（基础价） 1.106 ¥3.16¥3.49 2110418 促销特价优惠：0 分时折扣优惠：0 满金额减免优惠：0 使用优惠券优惠：0 应付款：34.57数量：5 实付款：34.57找零金额：0 34.57 付款方式：微信 实际扣款：34.57 支付订单号： 4200001355202203249906040375,,34.57,谊品生鲜,shopping,购物
C:\Users\10646\Desktop\新建文件夹 (2)\zh_682.jpg,欢迎光临谊品生鲜 南昌谊品生鲜丁香怡景店 销售小票 机号：POS05544 收银员：熊*玲 白期：2022-03-2409:30:15 商品名称 数量单价成交价 1.鲈鱼（条）（基础价） 2104646000 ¥￥14.98¥14.98 1 2.蒜苔（基础价） 21104960000.372 ￥13.96¥5.19 促销特价优惠：0 分时折扣优惠：0 满金额减免优惠：0 使用优惠券优惠：0 应付款：20.17数量：2 实付款：20.17找零金额：0 付款方式：微信 20.17 实际扣款：20.17 支付订单号： 4200001365202203243796253770,2022/3/24,20.17,谊品生鲜,other,其他
C:\Users\10646\Desktop\新建文件夹 (2)\zh_683.jpg,欢迎光临谊品生鲜 南昌谊品生鲜丁香怡景店 销售小票 机号：POS05544 收银员：熊*玲 商品名称 数量 单价成交价 1.生菜（基础价） 2110391000 ¥5.96¥2.26 0.38 2.中青菜（基础价） 28019140000070.564 ¥5.96¥3.36 3.莲藕（基础价） 2110433000 0. 28 ¥7.16￥2.00 4.白萝卜（基础价） 2110418 ¥3.16¥2.88 0.91 5.香菜（基础价） 2110509000 ¥￥15.96¥2.33 0.146 促销特价优惠：0 分时折扣优惠：0 满金额减免优惠：0 使用优惠券优惠：0 应付款：12.83数量：5 实付款：12.83找零金额：0 付款方式： 微信 12.83 实际扣款：12.83 支付订单号： 4200001382202203243930216424,,12.83,谊品生鲜,other,其他
C:\Users\10646\Desktop\新建文件夹 (2)\zh_684.jpg,欢迎光临谊品生鲜 南昌谊品生鲜丁香怡景店 销售小票 机号：POS05562 收银员：刘* 小票号：POS055622203240929277 日期：2022-03-2409:29:29 二 商品名称 数量单价成交价 1.中青菜（基础价） 28019140000070.424 ¥5.96¥2.53 促销特价优惠：0 分时折扣优惠：0 满金额减免优惠：0 使用优惠券优惠：0 应付款：2.53数量：1 实付款：2.53找零金额：0 付款方式：微信 2.53 实际扣款：2.53 支付订单号： 4200001383202203242985950239,2022/3/24,2.53,谊品生鲜,other,其他
C:\Users\10646\Desktop\新建文件夹 (2)\zh_685.jpg,机号：POS05544 销售小票 收银员：熊*玲 商品名称 数量 单价成交价 1.粽子（基础价） 2102019 ¥1.30¥1.30 促销特价优惠：0 分时折扣优惠：0 满金额减免优惠：0 使用优惠券优惠：0 应付款：1.3 一 数量：1 实付款：1.3 找零金额：0 付款方式： 微信 1.3 实际扣款：1.3 支付订单号： 4200001392202203246779799272,,1.3,,other,其他
C:\Users\10646\Desktop\新建文件夹 (2)\zh_686.jpg,欢迎光临谊品生鲜 南昌谊品生鲜丁香怡景店 销售小票 机号：POS05544 收银员：熊*玲 日期：2022-03-2411:10:57 商品名称 数量单价成交价 1.香蕉T（基础价） 2110236000 0.888 ¥7.16¥6.36 促销特价优惠：0 分时折扣优惠：0 满金额减免优惠：0 使用优惠券优惠：0 应付款：6.36数量：1 实付款：6.36找零金额：0 付款方式：微信 6.36 实际扣款：6.36 支付订单号： 4200001381202203245218348588,2022/3/24,6.36,谊品生鲜,other,其他
C:\Users\10646\Desktop\新建文件夹 (2)\zh_687.jpg,欢迎光临谊品生鲜 机号：POS05562 销售小票 收银员：刘* 商品名称 三 数量 1.干香菇（基础价） 单价成交价 2110112000 0.076 2.散称茶树菇（基础价 ￥99.80¥7.58 3.海天草菇老抽500ml 69022652105041 ¥9.90¥9.90 4.黑鲫鱼（基础价） 2110659 0.306 ¥29.96¥9.17 5.海天蒸鱼豉油450ml1 69022651117191 1.90￥11.90 6.小台农芒果（基础价） 2110290 0.806 ¥11.98 ¥9.66 7.鲈鱼（条）（基础价） 2104646000 ¥14.98¥14.98 1 3.新鲜鸡蛋（基础价） 28008300000090. 688 ￥13.16¥9.05 9.红富士75T（基础价） 28102050000.686 ￥11.96￥8.20 10.可降解购物袋大号 69717783510281 ¥0.50￥0.50 11.生菜（基础价） 21103910000.386 ¥￥5.96¥2.30 12.西红柿Z（精品价） 21104530000.124 ￥11.96￥1.48 13.苦瓜（基础价） 2810467000 0.268 ￥15.96￥4.28 14.香菜（基础价） 21105080000.092 ¥15.96¥1.47 15.西葫芦（基础价） 2160154 ¥7.96¥2.75 0.346 促销特价优惠：0 分时折扣优惠：0 满金额减免优惠：0 使用优惠券优惠：0 应付款：99.02数量：15 实付款：99.02找零金额：0 付款方式： 微信 99.02,,99.02,谊品生鲜,shopping,购物
C:\Users\10646\Desktop\新建文件夹 (2)\zh_688.jpg,贝贝休闲食品育红路店 导购：无 时间：2022-03-2217：52:49 与名原价/折后价数量金额/折金额 合味道 1盒5/4.5 574.5 健达奇趣蛋男生版三个装 20/20 120/20 益力多宝路路草莓味 1 6/4.69 6/4.69 蘑菇力 4.5/4.3 1盒4.5/4.3 38元散称零食 76759.260.202KG15.35/11.97 20元散称零食 40/31.20.374KG 14.96/11.67 会员价6.8元散称零食 13.6/13.60.098KG 1.33/1.33 原价26元会员价23.8元散称零食 52/47.60.044KG 2.29/2.09 7元散称零食 14/ 10.920.36KG 5.04/3.93 22元散称零食 44/34.320.322KG14.17/ 11.05 总数：5.4 应收：88.64 支付：现金：0.53 实收：75.53 ：支付通被扫：75 本次总共为您节省13.1元 找零：0 实收：75.53 余额：0积分：881.5 每周二会员日77折 除外） 欢迎光临,2022/3/22,75.53,贝贝休闲食品,dining,餐饮
C:\Users\10646\Desktop\新建文件夹 (2)\zh_689.jpg,销售：大官亭农贸市场 款机号：4收银员：2198 商品名称 数量单价 金额 维维维他型豆奶粉760g 119.90 19.90 奥利奥轻甜夹心饼干116g 6.80 1  6.80 1.00 1.00 1 应收：27.70 实收：27.7 存零：0 找零：0.00 促销优惠：0 会员优惠：2.10 整单折扣：0 打折优惠：0 付款方式 收钱吧-微信：2/./元 会员卡号： 会员余额：0.60本次积分：33.0 当前积分：1447.00 生鲜商品8小时内充许退货！ 此小票是唯一凭证，请妥善保存！ 谢谢惠顾、欢迎下次光临！,,27.7,大官亭农贸市场,other,其他
C:\Users\10646\Desktop\新建文件夹 (2)\zh_690.jpg,欢迎光临内蒙古1010分店！ 流水号：220323-150924 机号：101080A 销··.售 货号单价数量金额 9.00 1 9.00 06010016 云烟（红）香烟 **★*★* 合计 1件 9.00元 应付 9.00元 优惠 0.00元 积分 0 总积分 0.000 会员 鼎付通 9.00元 找零 0.00元 交易时间：2022-03-2315:09:24 整单促销时间： 送货电话：,2022/3/23,9,内蒙古1010分店,other,其他
C:\Users\10646\Desktop\新建文件夹 (2)\zh_691.jpg,欢迎光临 十里香美蛙鱼头自助火锅内江店 预结账单-堂食-未结账 桌号：大厅15 人数：4 流水号：8 打印次数：1 预结账次数：1 单价 小计 规格 数量 品名 份 38.00 38.00 1.00 红锅 5.00 个 5.00 25.00 油碟 5.00 份 1.00 5.00 餐具 4.00 个 54.80 美蛙鱼 219.20 美蛙小朋友 1.00 元 28.00 28.00 消费合计： 315.20 账单元整 0.20 应收金额： 315.00 如果您加入 十里香美鞋象强 此单可为您节省0.00 更多优惠请咨询服务员 001/1 POS点餐 单号：2022020417492813716528270008 打印:2022-02-0419:19:47 系统由哗啦啦提供,2022/2/4,315,十里香美蛙鱼头自助火锅,dining,餐饮
C:\Users\10646\Desktop\新建文件夹 (2)\zh_692.jpg,欢迎光临 十里香美蛙鱼头自助火锅内江店 预结账单-堂食未结账 流水号：8 人数：4 桌号：大厅15 预结账次数：1 打印次数：1 品名 数量 规格 单价 小计 红锅 1.00 份 38.00 38.00 油碟 5.00 个 5.00 25.00 餐具 5.00 份 1.00 5.00 美蛙鱼 4.00 个 54.80 219.20 美蛙小朋友 1.00 元 28.00 28.00 消费合计： 315.20 账单元整 0.20 应收金额： 315.00 如果您加入十里香美强 此单可为您节省0.00 更多优惠请咨询服务员 001|1 POS点餐 单号：2022020417492813716528270008 打E印:2022-02-0419:19:47 系统由哗啦提供 扫码点餐、买单,2022/2/4,315,十里香美蛙鱼头自助火锅,dining,餐饮
C:\Users\10646\Desktop\新建文件夹 (2)\zh_693.jpg,百尚优鲜白沙洲店 2004NO.06202203190570 2022.03.19 19:03 货号/品名 单价数量小计 2201094002903/红薯 5.600.522.90 2209621003102/五香香干 11.000.28 3.10 050/5毛购物袋 0.50 1.000.50 201088005408/甜豆米 31.600.175.40 220679006603/羊角蜜 原价：19.80 13.960.476.60 11.801.0011.80 2205532029200/青团花糕 37.600.7829.20 2207040014105/黄骨鱼 35.600.4014.10 2201064003107/笋瓜 7.960.393.10 2201191002202/青萝卜 3.960.56 2.20 2201046002609/青皮黄瓜 11.360.23 2.60 2201119002307/鱼腥草 9.960.23 82.30 数量：6.02 件数：12 原价合计：86.56 折让：2.76 应付合计：83.80 付款：思迅Pay-微信 83.80 备注信息：80657208000620220319057 0714/2022-03-1919:03:50 会员：1806**47916[武汉**] 会员积分：935.40本次积分：77.20 谢谢惠顾！ 欢迎下次光临,2022/3/19,83.8,百尚优鲜,shopping,购物
C:\Users\10646\Desktop\新建文件夹 (2)\zh_694.jpg,张响果品 机号：1 收银员：1001 单号：1472464 数量 金额 品名 单价 礼盒 15.00 15.00 总金额：15.00 总数量：1 现金：15.00 15.00 回找：0.00 实收： 间：2022.03.2608:51:18 请保留好小票！以便查询！,2022/3/26,15,张响果品,other,其他
C:\Users\10646\Desktop\新建文件夹 (2)\zh_695.jpg,衣世界服装批发城 15日凭购物小票退 换货 机号：05收银员：0003 时间:2022.01.1612:08 单价 小计 商品条码/名你数量 2A1YZB班雅卡通22-4套头 39.00 39.00 2402700402 1 数量：1.0/1件 金额合计：39.00 100.00 付款：现金 61.00 现金找零 本单积分：39.00 合计：39.00 电脑小票号：05202201162549 05202201162549 保持原样凭购物小票十h口退货！ 每周二会员口，双倍积分。,2022/1/16,39,衣世界服装批发城,shopping,购物
C:\Users\10646\Desktop\新建文件夹 (2)\zh_696.jpg,花瓣雨名品 X200210928018 小票编号：X200210928018 销售日期：2021-09-2813：15:12 销售门店：花瓣雨生活馆 0945917912 黑色 52 佐加图 1 159.0 0.53159.0 收银员：生活馆收银员收银员1 导购员：0039 支付方式： 现金：159（收款：159.0） 会员： 积分： 余额： 正价商品外观完好无损，未经穿着不影响第二次销售， 可凭购物单4日内到服务台调换（特价商品除外） 谢谢惠顾，欢迎再次光临！,2021/9/28,159,花瓣雨生活馆 ,shopping,购物
C:\Users\10646\Desktop\新建文件夹 (2)\zh_697.jpg,时间:2020-10-0111:26:47 POS:MX09 单号：11092工号：150037 本次消费 34.80 注意：请爱善保存！ 华盛购物广场勉县店欢迎您 日期：2020.10.01 机：MX09 人：150037 商品 金额 ******************************** 6924546000550(1205817) 1*11.50 亿智小猪动物蔬菜饼[120g]11.50 6922017031751(1210029) 1*9.90 9.90 奥赛酵素山楂[118g] 6928590200539(1210024) 1*4.50 海王蜂巢饼-红糖小脆焦糖芝4.50 6907992103914(1502236) 1*11.90 （特价）伊利原味特惠装[100g*8.90 应收：34.80 品种：4数量：4.000 34.80 总计： 微信 34.80 您共节省了3.00元 ***单：00011092（11:26）*** 欢迎惠顾！ 请顾客在购物一个月内开发票！,2020/10/1,34.8,华盛购物广场,shopping,购物
C:\Users\10646\Desktop\新建文件夹 (2)\zh_698.jpg,家家利交城店 日期：2022.03.0315:50:06 门店号：2029 收银机号：29064 收银员：5209 单据号：销_290640041554 数量 金额 单价 [C]粗布工坊老粗布床单 1条 39.9 49.9 交易时刻：15：50:06 合计：1件数量：1 应收：39.9/实收：39.9 大写叁搭玖圆玖角 找零：0 总优惠/10 银联去闪付：39.9 欢迎您再次光临 请保留好收银小票方便退换货 此单为退换货唯一凭证,2022/3/3,39.9,家家利交城店,other,其他
C:\Users\10646\Desktop\新建文件夹 (2)\zh_699.jpg,2022.03.12 18:19 品名 单价数量小计 韭菜 5.980.64 43.80 荷兰土豆 3.961.92 27.60 小油菜 3.980.682.70 鸡腿 15.800.72 11.30 香菜 10.000.131.30 数量：4.08 件数：5 原价合计：26.70 折让：0.00 应付合计：26.70,2022/3/12,26.7,,other,其他
C:\Users\10646\Desktop\新建文件夹 (2)\zh_700.jpg,合福果蔬超市 结账间：:2022/03/2413：23：38 收银员：管理员 单号：20220324132338000000128 单价 数量 金额 临时商品 20.00（原价20.00） 1 20.00 廊储麻酱 10.00（原价10.00） 1/瓶 10.00 子 19.80（原价19.80） 0.67/ 13.27 千克 临时商品 4.50（原价4.50） 4.50 丹麦肠 19.80（原价19.80） 0.26/ 5.15 千克 临时商品 18.00（原价18.00） 18.00 小上豆 1.98（原价1.98） 2.97/ 5.88 干克 人白菜 4.40（原价4.40） 1.66/ 7.30 千克 圆茄子 11.00（原价11.00） 0.91/ 10.01 干克 西胡卢 9.00（原价9.00） 1.05/ 9.45 千克 甘蓝 3.98（原价3.98） 1.19/ 4.74 干克 豆皮 12.00（原价12.00） 0.32/ 3.84 干克 球生菜 11.00（原价11.00） 0.54/ 5.94 千克 西兰花 11.00（原价11.00） 0.43/ 4.73 干克 丝眼 0.53/ 11.98（原价11.98） 6.35 千克 蒜黄 9.98（原价9.98） 0.74/ 7.39 千克 5.98（价5.98） 0.99/ 5.92 千克 西红埔 9.00（9.00） 1.35/ 12.15 千克 南品小计：18 订单金额：154.62 零：-0.02 应收金额：154.60 现金支付：154.60 打印人：管理员 ：2022/03/2413：23:8,2022/3/24,154.6,合福果蔬超市,shopping,购物
